Год,Регион,mean_salary,flat_count,latitude,distance_to_moscow_km,Population,district
2000,Алтайский край,1224.2,4763,53.3548,3600,2652.0,СФО
2000,Амурская область,1825.2,1676,50.2907,6500,936.0,ДВФО
2000,Архангельская обл...,2139.5,1042,64.5393,1200,1390.0,СЗФО
2000,Ненецкий авт.округ,3426.3,181,67.6383,1500,41.0,СЗФО
2000,Астраханская область,1778.6,3364,46.3497,1400,1012.0,ЮФО
2000,Белгородская область,1554.5,8700,50.5978,700,1502.0,ЦФО
2000,Брянская область,1312.1,2876,53.2521,380,1423.0,ЦФО
2000,Владимирская область,1279.6,3796,56.1282,180,1576.0,ЦФО
2000,Волгоградская обл...,1577.6,4740,48.7078,970,2739.0,ЮФО
2000,Вологодская область,2022.8,2547,59.2239,450,1300.0,СЗФО
2000,Воронежская область,1486.5,7208,51.6608,520,2441.0,ЦФО
2000,Нижегородская обл...,1717.9,7412,56.3269,420,3628.0,ПФО
2000,Ивановская область,1037.6,1297,57.0003,300,1195.0,ЦФО
2000,Иркутская область,2374.2,2703,52.2864,5200,2644.0,СФО
2000,Республика Ингушетия,587.2,141,43.1667,1700,340.0,СКФО
2000,Калининградская о...,1843.3,2008,54.7104,1100,959.0,СЗФО
2000,Тверская область,1253.7,2789,56.8587,180,1544.0,ЦФО
2000,Калужская область,1311.3,2886,54.5143,190,1071.0,ЦФО
2000,Центральный федер...,3230.6,128478,55.7558,0,38228.0,ЦФО
2000,Краснодарский край,1563.4,13038,45.0355,1200,5133.0,ЮФО
2000,Камчатский край,3452.4,107,53.0444,6770,372.0,ДВФО
2000,Северо-Западный ф...,2268.9,33878,59.9343,635,14324.0,СЗФО
2000,Кемеровская область,2275.5,4431,55.3333,3600,2963.0,СФО
2000,Приволжский федер...,1726.2,84580,55.83,800,31703.0,ПФО
2000,Кировская область,1359.3,3140,58.6035,900,1553.0,ПФО
2000,Уральский федерал...,2743.6,30714,56.8389,1800,12515.0,УрФО
2000,Костромская область,1438.9,2466,57.7679,350,762.0,ЦФО
2000,Сибирский федерал...,1933.0,36384,55.0415,3300,20464.0,СФО
2000,Дальневосточный ф...,2497.6,11246,43.1155,9300,6913.0,ДВФО
2000,Самарская область,2605.2,8099,53.1959,1050,3292.0,ПФО
2000,Южный федеральный...,1429.3,47345,45.0355,1200,22743.0,ЮФО
2000,Курганская область,1341.6,935,55.4412,1900,1060.0,УрФО
2000,Курская область,1464.9,2199,51.7373,500,1282.0,ЦФО
2000,Красноярский край,2773.3,6292,56.0153,4100,3022.0,СФО
2000,г.Санкт-Петербург,2555.6,15191,59.9343,635,4742.0,СЗФО
2000,Ленинградская обл...,1354.9,5410,59.9343,635,1687.0,СЗФО
2000,Липецкая область,1772.0,4136,52.6031,420,1233.0,ЦФО
2000,Магаданская область,3724.5,99,59.5681,5900,202.0,ДВФО
2000,г.Москва,7998.3,49233,55.7558,0,9933.0,ЦФО
2000,Московская область,1823.9,24889,55.7558,0,6628.0,ЦФО
2000,Мурманская область,3550.1,467,68.9792,1900,941.0,СЗФО
2000,Новгородская область,1807.5,1310,58.5214,530,719.0,СЗФО
2000,Приморский край,1799.8,2596,43.1155,9300,2141.0,ДВФО
2000,Новосибирская обл...,1608.3,6940,55.0415,3300,2725.0,СФО
2000,Омская область,1582.1,3152,54.9924,2700,2136.0,СФО
2000,Оренбургская область,1451.4,3722,51.7674,1400,2211.0,ПФО
2000,Орловская область,1414.5,2868,52.9668,360,884.0,ЦФО
2000,Пензенская область,1259.9,2903,53.1959,640,1500.0,ПФО
2000,Пермский край,2401.0,4546,58.0105,1400,2879.0,ПФО
2000,Псковская область,1374.8,1190,57.8169,690,793.0,СЗФО
2000,Ростовская область,1653.3,11241,47.2225,1100,4455.0,ЮФО
2000,Рязанская область,1265.2,3230,54.6292,200,1275.0,ЦФО
2000,Саратовская область,1540.1,5007,51.5331,840,2711.0,ПФО
2000,Сахалинская область,2792.8,890,46.9641,6700,569.0,ДВФО
2000,Свердловская область,2139.7,7824,56.8389,1800,4577.0,УрФО
2000,Смоленская область,1720.2,2170,54.7818,370,1099.0,ЦФО
2000,Тамбовская область,1508.6,2846,52.7236,480,1231.0,ЦФО
2000,Томская область,2070.2,2609,56.4846,3600,1058.0,СФО
2000,Ставропольский край,1405.0,6471,45.0428,1400,2741.0,ЮФО
2000,Тульская область,1486.0,3034,54.1931,180,1743.0,ЦФО
2000,Тюменская область,4934.5,13085,57.1522,2100,3218.0,УрФО
2000,Ханты-Мансийский ...,6627.5,5486,60.95,2300,1360.0,УрФО
2000,Ямало-Ненецкий ав...,7562.6,1449,66.53,2500,496.0,УрФО
2000,Ульяновская область,1276.6,2591,54.3142,890,1427.0,ПФО
2000,Челябинская область,1968.6,8870,55.1644,1900,3660.0,УрФО
2000,Забайкальский край,1405.7,902,52.05,6000,1193.0,СФО
2000,Чукотский авт.округ,4731.9,8,64.7333,6000,61.0,ДВФО
2000,Ярославская область,1804.2,1855,57.6291,270,1406.0,ЦФО
2000,Республика Адыгея,1385.3,650,44.6101,1500,449.0,ЮФО
2000,Хабаровский край,2500.4,2317,48.4808,6100,1474.0,ДВФО
2000,Республика Башкор...,1736.3,15349,54.7388,1300,4120.0,ПФО
2000,Республика Бурятия,1639.0,2086,51.8333,5200,1005.0,СФО
2000,Республика Дагестан,861.3,3904,42.9833,1600,2443.0,СКФО
2000,Кабардино-Балкарс...,1057.1,1562,43.4833,1700,879.0,СКФО
2000,Республика Алтай,1182.0,400,51.9582,3600,202.0,СФО
2000,Республика Калмыкия,979.0,441,46.3078,1300,308.0,ЮФО
2000,Республика Карелия,2313.2,834,61.785,1000,735.0,СЗФО
2000,Республика Коми,3140.8,3879,61.6667,1300,1058.0,СЗФО
2000,Республика Марий Эл,1067.8,1636,56.63,800,744.0,ПФО
2000,Республика Мордовия,1128.4,2128,54.1833,600,918.0,ПФО
2000,Республика Северн...,1472.8,1402,43.02,1900,694.0,СКФО
2000,Карачаево-Черкесс...,1039.5,391,44.22,1400,440.0,СКФО
2000,Республика Татарстан,1813.1,19411,55.83,800,3790.0,ПФО
2000,Республика Тыва,1167.6,595,51.7,4200,306.0,СФО
2000,Удмуртская Респуб...,1513.7,3328,56.85,1100,1596.0,ПФО
2000,Республика Хакасия,1904.1,1511,53.7167,4000,558.0,СФО
2000,Чувашская Республика,1139.9,5308,56.15,700,1334.0,ПФО
2000,Республика Саха (...,3967.7,3409,62.0281,5000,963.0,ДВФО
2000,Еврейская автоном...,1488.8,144,48.4667,6700,195.0,ДВФО
2001,Алтайский край,1690.7,4722,53.3548,3600,2641.0,СФО
2001,Амурская область,2313.0,1275,50.2907,6500,923.0,ДВФО
2001,Архангельская обл...,3041.1,1322,64.5393,1200,1369.0,СЗФО
2001,Ненецкий авт.округ,5887.6,181,67.6383,1500,41.0,СЗФО
2001,Астраханская область,2333.3,3567,46.3497,1400,1009.0,ЮФО
2001,Белгородская область,2121.4,6624,50.5978,700,1507.0,ЦФО
2001,Брянская область,1818.3,2737,53.2521,380,1408.0,ЦФО
2001,Владимирская область,1665.9,3313,56.1282,180,1558.0,ЦФО
2001,Волгоградская обл...,2163.0,4152,48.7078,970,2725.0,ЮФО
2001,Вологодская область,2719.0,3349,59.2239,450,1290.0,СЗФО
2001,Воронежская область,2039.7,7083,51.6608,520,2422.0,ЦФО
2001,Нижегородская обл...,2406.6,6122,56.3269,420,3595.0,ПФО
2001,Ивановская область,1297.8,1140,57.0003,300,1179.0,ЦФО
2001,Иркутская область,2879.5,2190,52.2864,5200,2623.0,СФО
2001,Республика Ингушетия,908.5,241,43.1667,1700,446.0,СКФО
2001,Калининградская о...,2339.6,1992,54.7104,1100,958.0,СЗФО
2001,Тверская область,1689.6,3402,56.8587,180,1520.0,ЦФО
2001,Калужская область,1782.1,2507,54.5143,190,1060.0,ЦФО
2001,Центральный федер...,4299.6,130268,55.7558,0,38175.0,ЦФО
2001,Краснодарский край,2124.6,12893,45.0355,1200,5133.0,ЮФО
2001,Камчатский край,4559.1,170,53.0444,6770,367.0,ДВФО
2001,Северо-Западный ф...,3084.1,32367,59.9343,635,14199.0,СЗФО
2001,Кемеровская область,3086.5,5523,55.3333,3600,2943.0,СФО
2001,Приволжский федер...,2319.4,89631,55.83,800,31532.0,ПФО
2001,Кировская область,1830.6,3261,58.6035,900,1537.0,ПФО
2001,Уральский федерал...,3819.8,34847,56.8389,1800,12471.0,УрФО
2001,Костромская область,1904.5,2618,57.7679,350,754.0,ЦФО
2001,Сибирский федерал...,2576.0,32794,55.0415,3300,20333.0,СФО
2001,Дальневосточный ф...,3303.9,12828,43.1155,9300,6832.0,ДВФО
2001,Самарская область,3262.6,8556,53.1959,1050,3276.0,ПФО
2001,Южный федеральный...,1907.9,47904,45.0355,1200,14060.0,ЮФО
2001,Курганская область,1784.8,1233,55.4412,1900,1047.0,УрФО
2001,Курская область,1979.9,2266,51.7373,500,1267.0,ЦФО
2001,Красноярский край,3571.8,5032,56.0153,4100,3001.0,СФО
2001,г.Санкт-Петербург,3425.8,15179,59.9343,635,4715.0,СЗФО
2001,Ленинградская обл...,1868.7,5198,59.9343,635,1680.0,СЗФО
2001,Липецкая область,2261.2,4378,52.6031,420,1228.0,ЦФО
2001,Магаданская область,5069.3,105,59.5681,5900,194.0,ДВФО
2001,г.Москва,10282.0,52204,55.7558,0,10114.0,ЦФО
2001,Московская область,2626.4,29163,55.7558,0,6614.0,ЦФО
2001,Мурманская область,4620.2,107,68.9792,1900,923.0,СЗФО
2001,Новгородская область,2407.7,1336,58.5214,530,710.0,СЗФО
2001,Приморский край,2367.2,2933,43.1155,9300,2120.0,ДВФО
2001,Новосибирская обл...,2140.3,5292,55.0415,3300,2715.0,СФО
2001,Омская область,2341.4,2112,54.9924,2700,2117.0,СФО
2001,Оренбургская область,1927.4,4614,51.7674,1400,2203.0,ПФО
2001,Орловская область,1963.2,2722,52.9668,360,877.0,ЦФО
2001,Пензенская область,1708.3,2362,53.1959,640,1484.0,ПФО
2001,Пермский край,3253.9,6785,58.0105,1400,2859.0,ПФО
2001,Псковская область,1847.7,1312,57.8169,690,782.0,СЗФО
2001,Ростовская область,2270.6,10869,47.2225,1100,4439.0,ЮФО
2001,Рязанская область,1852.8,1907,54.6292,200,1259.0,ЦФО
2001,Саратовская область,2035.2,5893,51.5331,840,2699.0,ПФО
2001,Сахалинская область,3872.4,396,46.9641,6700,560.0,ДВФО
2001,Свердловская область,2994.2,7535,56.8389,1800,4546.0,УрФО
2001,Смоленская область,2336.4,2049,54.7818,370,1082.0,ЦФО
2001,Тамбовская область,2072.0,2341,52.7236,480,1213.0,ЦФО
2001,Томская область,2851.3,2911,56.4846,3600,1054.0,СФО
2001,Ставропольский край,1766.5,5338,45.0428,1400,2741.0,ЮФО
2001,Тульская область,2015.1,1451,54.1931,180,1719.0,ЦФО
2001,Тюменская область,7108.8,18116,57.1522,2100,3234.0,УрФО
2001,Ханты-Мансийский ...,9594.0,11049,60.95,2300,1383.0,УрФО
2001,Ямало-Ненецкий ав...,10732.8,1617,66.53,2500,498.0,УрФО
2001,Ульяновская область,1717.1,2961,54.3142,890,1414.0,ПФО
2001,Челябинская область,2500.2,7963,55.1644,1900,3644.0,УрФО
2001,Забайкальский край,2011.5,1119,52.05,6000,1179.0,СФО
2001,Чукотский авт.округ,7951.9,172,64.7333,6000,57.0,ДВФО
2001,Ярославская область,2518.2,2364,57.6291,270,1394.0,ЦФО
2001,Республика Адыгея,1642.5,843,44.6101,1500,447.0,ЮФО
2001,Хабаровский край,3395.8,2182,48.4808,6100,1460.0,ДВФО
2001,Республика Башкор...,2400.2,17117,54.7388,1300,4115.0,ПФО
2001,Республика Бурятия,2262.4,2396,51.8333,5200,997.0,СФО
2001,Республика Дагестан,1141.2,5318,42.9833,1600,2486.0,СКФО
2001,Кабардино-Балкарс...,1465.7,1791,43.4833,1700,887.0,СКФО
2001,Республика Алтай,1620.0,245,51.9582,3600,203.0,СФО
2001,Республика Калмыкия,1545.5,814,46.3078,1300,307.0,ЮФО
2001,Республика Карелия,2930.8,1022,61.785,1000,729.0,СЗФО
2001,Республика Коми,4862.1,1551,61.6667,1300,1043.0,СЗФО
2001,Республика Марий Эл,1387.6,1871,56.63,800,739.0,ПФО
2001,Республика Мордовия,1570.2,2066,54.1833,600,908.0,ПФО
2001,Республика Северн...,1632.2,1479,43.02,1900,704.0,СКФО
2001,Карачаево-Черкесс...,1341.7,600,44.22,1400,441.0,СКФО
2001,Республика Татарстан,2471.8,19046,55.83,800,3787.0,ПФО
2001,Республика Тыва,1638.3,580,51.7,4200,306.0,СФО
2001,Удмуртская Респуб...,2024.7,3388,56.85,1100,1588.0,ПФО
2001,Республика Хакасия,2475.5,671,53.7167,4000,554.0,СФО
2001,Чувашская Республика,1553.3,5590,56.15,700,1328.0,ПФО
2001,Республика Саха (...,5009.9,5468,62.0281,5000,958.0,ДВФО
2001,Еврейская автоном...,2028.9,127,48.4667,6700,193.0,ДВФО
2002,Алтайский край,2194.2,4030,53.3548,3600,2607.0,СФО
2002,Амурская область,2874.6,1403,50.2907,6500,906.0,ДВФО
2002,Архангельская обл...,3956.5,1453,64.5393,1200,1300.0,СЗФО
2002,Ненецкий авт.округ,8621.1,70,67.6383,1500,41.0,СЗФО
2002,Астраханская область,3058.0,3069,46.3497,1400,1005.0,ЮФО
2002,Белгородская область,2762.3,7860,50.5978,700,1510.0,ЦФО
2002,Брянская область,2452.4,2736,53.2521,380,1383.0,ЦФО
2002,Владимирская область,2158.0,3320,56.1282,180,1529.0,ЦФО
2002,Волгоградская обл...,2952.1,4335,48.7078,970,2701.0,ЮФО
2002,Вологодская область,3481.3,3019,59.2239,450,1272.0,СЗФО
2002,Воронежская область,2597.4,7517,51.6608,520,2385.0,ЦФО
2002,Нижегородская обл...,3214.6,5465,56.3269,420,3535.0,ПФО
2002,Ивановская область,1778.4,1154,57.0003,300,1153.0,ЦФО
2002,Иркутская область,3609.9,2914,52.2864,5200,2588.0,СФО
2002,Республика Ингушетия,1170.7,164,43.1667,1700,462.0,СКФО
2002,Калининградская о...,2716.1,2212,54.7104,1100,954.0,СЗФО
2002,Тверская область,2349.2,3041,56.8587,180,1478.0,ЦФО
2002,Калужская область,2503.3,2543,54.5143,190,1044.0,ЦФО
2002,Центральный федер...,5435.6,144065,55.7558,0,38007.0,ЦФО
2002,Краснодарский край,2856.8,15274,45.0355,1200,5125.0,ЮФО
2002,Камчатский край,5915.6,156,53.0444,6770,359.0,ДВФО
2002,Северо-Западный ф...,4010.5,33146,59.9343,635,14010.0,СЗФО
2002,Кемеровская область,3993.6,6142,55.3333,3600,2905.0,СФО
2002,Приволжский федер...,3034.9,87064,55.83,800,31210.0,ПФО
2002,Кировская область,2517.4,2514,58.6035,900,1508.0,ПФО
2002,Уральский федерал...,4791.3,36817,56.8389,1800,12389.0,УрФО
2002,Костромская область,2515.7,1485,57.7679,350,739.0,ЦФО
2002,Сибирский федерал...,3373.2,35556,55.0415,3300,17962.0,СФО
2002,Дальневосточный ф...,4391.4,10142,43.1155,9300,8853.0,ДВФО
2002,Самарская область,4270.3,9953,53.1959,1050,3244.0,ПФО
2002,Южный федеральный...,2548.4,48814,45.0355,1200,13981.0,ЮФО
2002,Курганская область,2419.3,1155,55.4412,1900,1023.0,УрФО
2002,Курская область,2698.5,2379,51.7373,500,1239.0,ЦФО
2002,Красноярский край,4346.1,6622,56.0153,4100,2971.0,СФО
2002,г.Санкт-Петербург,4514.4,16055,59.9343,635,4672.0,СЗФО
2002,Ленинградская обл...,2417.5,4829,59.9343,635,1669.0,СЗФО
2002,Липецкая область,2776.2,3350,52.6031,420,1215.0,ЦФО
2002,Магаданская область,6748.5,37,59.5681,5900,184.0,ДВФО
2002,г.Москва,12460.8,61278,55.7558,0,10328.0,ЦФО
2002,Московская область,3546.0,32857,55.7558,0,6613.0,ЦФО
2002,Мурманская область,5892.5,60,68.9792,1900,897.0,СЗФО
2002,Новгородская область,3008.5,1389,58.5214,530,696.0,СЗФО
2002,Приморский край,3122.4,1994,43.1155,9300,2076.0,ДВФО
2002,Новосибирская обл...,2933.0,4873,55.0415,3300,2695.0,СФО
2002,Омская область,3221.8,2837,54.9924,2700,2085.0,СФО
2002,Оренбургская область,2481.8,4589,51.7674,1400,2182.0,ПФО
2002,Орловская область,2614.4,2626,52.9668,360,862.0,ЦФО
2002,Пензенская область,2221.4,3092,53.1959,640,1457.0,ПФО
2002,Пермский край,4129.5,4714,58.0105,1400,2825.0,ПФО
2002,Псковская область,2735.0,1318,57.8169,690,763.0,СЗФО
2002,Ростовская область,3025.7,10264,47.2225,1100,4407.0,ЮФО
2002,Рязанская область,2530.9,2550,54.6292,200,1232.0,ЦФО
2002,Саратовская область,2620.7,6011,51.5331,840,2672.0,ПФО
2002,Сахалинская область,5522.8,530,46.9641,6700,548.0,ДВФО
2002,Свердловская область,3954.1,8160,56.8389,1800,4495.0,УрФО
2002,Смоленская область,3003.5,2413,54.7818,370,1054.0,ЦФО
2002,Тамбовская область,2688.3,2445,52.7236,480,1183.0,ЦФО
2002,Томская область,3954.3,2936,56.4846,3600,1047.0,СФО
2002,Ставропольский край,2335.2,5828,45.0428,1400,2734.0,ЮФО
2002,Тульская область,2619.8,2079,54.1931,180,1681.0,ЦФО
2002,Тюменская область,8558.5,19014,57.1522,2100,1330.0,УрФО
2002,Ханты-Мансийский ...,10846.3,10653,60.95,2300,1424.0,УрФО
2002,Ямало-Ненецкий ав...,13298.1,2740,66.53,2500,505.0,УрФО
2002,Ульяновская область,2378.9,2044,54.3142,890,1387.0,ПФО
2002,Челябинская область,3108.3,8488,55.1644,1900,3609.0,УрФО
2002,Забайкальский край,2993.1,1020,52.05,6000,1159.0,СФО
2002,Чукотский авт.округ,11313.2,205,64.7333,6000,54.0,ДВФО
2002,Ярославская область,3354.2,2432,57.6291,270,1371.0,ЦФО
2002,Республика Адыгея,2166.9,1653,44.6101,1500,446.0,ЮФО
2002,Хабаровский край,4689.1,1748,48.4808,6100,1440.0,ДВФО
2002,Республика Башкор...,3133.8,16612,54.7388,1300,4105.0,ПФО
2002,Республика Бурятия,3141.2,2290,51.8333,5200,983.0,СФО
2002,Республика Дагестан,1534.0,4230,42.9833,1600,2558.0,СКФО
2002,Кабардино-Балкарс...,2095.0,1684,43.4833,1700,897.0,СКФО
2002,Республика Алтай,2354.6,393,51.9582,3600,202.0,СФО
2002,Республика Калмыкия,1763.0,683,46.3078,1300,294.0,ЮФО
2002,Республика Карелия,4061.0,744,61.785,1000,718.0,СЗФО
2002,Республика Коми,6225.0,2067,61.6667,1300,1022.0,СЗФО
2002,Республика Марий Эл,1813.1,1684,56.63,800,729.0,ПФО
2002,Республика Мордовия,2124.1,1620,54.1833,600,891.0,ПФО
2002,Республика Северн...,1961.0,1185,43.02,1900,709.0,СКФО
2002,Карачаево-Черкесс...,1999.4,445,44.22,1400,439.0,СКФО
2002,Республика Татарстан,3249.4,18692,55.83,800,3779.0,ПФО
2002,Республика Тыва,2402.1,518,51.7,4200,305.0,СФО
2002,Удмуртская Респуб...,2533.0,3932,56.85,1100,1573.0,ПФО
2002,Республика Хакасия,3143.7,981,53.7167,4000,547.0,СФО
2002,Чувашская Республика,2069.9,6142,56.15,700,1315.0,ПФО
2002,Республика Саха (...,6348.2,3811,62.0281,5000,950.0,ДВФО
2002,Еврейская автоном...,3081.0,259,48.4667,6700,191.0,ДВФО
2003,Алтайский край,2894.5,4648,53.3548,3600,2587.0,СФО
2003,Амурская область,3852.4,1544,50.2907,6500,894.0,ДВФО
2003,Архангельская обл...,4834.2,1173,64.5393,1200,1282.0,СЗФО
2003,Ненецкий авт.округ,14197.2,132,67.6383,1500,41.0,СЗФО
2003,Астраханская область,3864.1,3499,46.3497,1400,1005.0,ЮФО
2003,Белгородская область,3357.4,8329,50.5978,700,1512.0,ЦФО
2003,Брянская область,3134.6,2498,53.2521,380,1367.0,ЦФО
2003,Владимирская область,2842.0,3459,56.1282,180,1514.0,ЦФО
2003,Волгоградская обл...,3802.9,3658,48.7078,970,2683.0,ЮФО
2003,Вологодская область,4411.8,3277,59.2239,450,1261.0,СЗФО
2003,Воронежская область,3391.2,9239,51.6608,520,2370.0,ЦФО
2003,Нижегородская обл...,4000.1,6851,56.3269,420,3498.0,ПФО
2003,Ивановская область,2293.1,1208,57.0003,300,1137.0,ЦФО
2003,Иркутская область,4549.6,2583,52.2864,5200,2565.0,СФО
2003,Республика Ингушетия,1402.2,240,43.1667,1700,460.0,СКФО
2003,Калининградская о...,3807.1,2089,54.7104,1100,950.0,СЗФО
2003,Тверская область,3020.6,3230,56.8587,180,1456.0,ЦФО
2003,Калужская область,3339.8,2371,54.5143,190,1035.0,ЦФО
2003,Центральный федер...,7211.3,159008,55.7558,0,37955.0,ЦФО
2003,Краснодарский край,3662.2,14106,45.0355,1200,5117.0,ЮФО
2003,Камчатский край,7100.8,182,53.0444,6770,354.0,ДВФО
2003,Северо-Западный ф...,5403.5,41361,59.9343,635,13904.0,СЗФО
2003,Кемеровская область,4906.6,7071,55.3333,3600,2877.0,СФО
2003,Приволжский федер...,3916.6,87826,55.83,800,30998.0,ПФО
2003,Кировская область,3093.6,2332,58.6035,900,1485.0,ПФО
2003,Уральский федерал...,6109.6,35581,56.8389,1800,12322.0,УрФО
2003,Костромская область,3089.2,1209,57.7679,350,728.0,ЦФО
2003,Сибирский федерал...,4351.3,41591,55.0415,3300,17815.0,СФО
2003,Дальневосточный ф...,5788.3,11189,43.1155,9300,8768.0,ДВФО
2003,Самарская область,5788.1,9407,53.1959,1050,3232.0,ПФО
2003,Южный федеральный...,3309.6,48823,45.0355,1200,13930.0,ЮФО
2003,Курганская область,2867.2,1337,55.4412,1900,1007.0,УрФО
2003,Курская область,3371.4,3467,51.7373,500,1222.0,ЦФО
2003,Красноярский край,5508.8,7406,56.0153,4100,2946.0,СФО
2003,г.Санкт-Петербург,6851.2,23335,59.9343,635,4659.0,СЗФО
2003,Ленинградская обл...,3052.3,4673,59.9343,635,1670.0,СЗФО
2003,Липецкая область,3563.2,3883,52.6031,420,1208.0,ЦФО
2003,Магаданская область,8184.6,125,59.5681,5900,179.0,ДВФО
2003,г.Москва,16826.6,64036,55.7558,0,10461.0,ЦФО
2003,Московская область,4425.0,39053,55.7558,0,6644.0,ЦФО
2003,Мурманская область,7134.7,202,68.9792,1900,881.0,СЗФО
2003,Новгородская область,3715.4,1641,58.5214,530,687.0,СЗФО
2003,Приморский край,4246.2,2524,43.1155,9300,2057.0,ДВФО
2003,Новосибирская обл...,3892.9,7223,55.0415,3300,2681.0,СФО
2003,Омская область,4512.5,3732,54.9924,2700,2064.0,СФО
2003,Оренбургская область,3135.1,5132,51.7674,1400,2162.0,ПФО
2003,Орловская область,3225.3,2864,52.9668,360,852.0,ЦФО
2003,Пензенская область,2764.9,2847,53.1959,640,1444.0,ПФО
2003,Пермский край,5257.3,5468,58.0105,1400,2798.0,ПФО
2003,Псковская область,3555.7,1690,57.8169,690,752.0,СЗФО
2003,Ростовская область,4023.9,10966,47.2225,1100,4386.0,ЮФО
2003,Рязанская область,3309.1,2973,54.6292,200,1217.0,ЦФО
2003,Саратовская область,3337.1,5078,51.5331,840,2651.0,ПФО
2003,Сахалинская область,7676.0,402,46.9641,6700,540.0,ДВФО
2003,Свердловская область,5278.0,8713,56.8389,1800,4455.0,УрФО
2003,Смоленская область,3723.9,2989,54.7818,370,1042.0,ЦФО
2003,Тамбовская область,3416.2,2738,52.7236,480,1168.0,ЦФО
2003,Томская область,5407.3,3563,56.4846,3600,1041.0,СФО
2003,Ставропольский край,3071.8,6442,45.0428,1400,2735.0,ЮФО
2003,Тульская область,3382.6,2561,54.1931,180,1659.0,ЦФО
2003,Тюменская область,10555.5,16239,57.1522,2100,1320.0,УрФО
2003,Ханты-Мансийский ...,12892.1,8617,60.95,2300,1445.0,УрФО
2003,Ямало-Ненецкий ав...,15962.2,1871,66.53,2500,509.0,УрФО
2003,Ульяновская область,3063.1,2198,54.3142,890,1372.0,ПФО
2003,Челябинская область,3998.1,9293,55.1644,1900,3583.0,УрФО
2003,Забайкальский край,4015.7,1532,52.05,6000,1147.0,СФО
2003,Чукотский авт.округ,13663.9,329,64.7333,6000,52.0,ДВФО
2003,Ярославская область,4266.6,2902,57.6291,270,1355.0,ЦФО
2003,Республика Адыгея,2548.9,655,44.6101,1500,445.0,ЮФО
2003,Хабаровский край,6205.3,2139,48.4808,6100,1425.0,ДВФО
2003,Республика Башкор...,4153.1,17485,54.7388,1300,4098.0,ПФО
2003,Республика Бурятия,3857.4,2296,51.8333,5200,977.0,СФО
2003,Республика Дагестан,2125.0,4893,42.9833,1600,2599.0,СКФО
2003,Кабардино-Балкарс...,2571.4,1985,43.4833,1700,895.0,СКФО
2003,Республика Алтай,2876.4,325,51.9582,3600,202.0,СФО
2003,Республика Калмыкия,2100.2,477,46.3078,1300,292.0,ЮФО
2003,Республика Карелия,4937.0,997,61.785,1000,709.0,СЗФО
2003,Республика Коми,7476.7,2283,61.6667,1300,1007.0,СЗФО
2003,Республика Марий Эл,2189.0,1668,56.63,800,724.0,ПФО
2003,Республика Мордовия,2719.9,1776,54.1833,600,882.0,ПФО
2003,Республика Северн...,2596.0,1338,43.02,1900,708.0,СКФО
2003,Карачаево-Черкесс...,2619.2,564,44.22,1400,441.0,СКФО
2003,Республика Татарстан,4273.1,17682,55.83,800,3775.0,ПФО
2003,Республика Тыва,2872.9,301,51.7,4200,305.0,СФО
2003,Удмуртская Респуб...,3098.1,3933,56.85,1100,1564.0,ПФО
2003,Республика Хакасия,3765.0,911,53.7167,4000,543.0,СФО
2003,Чувашская Республика,2749.2,5968,56.15,700,1306.0,ПФО
2003,Республика Саха (...,8239.7,3756,62.0281,5000,949.0,ДВФО
2003,Еврейская автоном...,4062.4,188,48.4667,6700,189.0,ДВФО
2004,Алтайский край,3495.7,3776,53.3548,3600,2555.0,СФО
2004,Амурская область,4695.3,1058,50.2907,6500,880.0,ДВФО
2004,Архангельская обл...,6119.4,1450,64.5393,1200,1265.0,СЗФО
2004,Ненецкий авт.округ,20122.2,109,67.6383,1500,41.0,СЗФО
2004,Астраханская область,4559.4,3178,46.3497,1400,1006.0,ЮФО
2004,Белгородская область,4070.2,10062,50.5978,700,1512.0,ЦФО
2004,Брянская область,3720.4,2586,53.2521,380,1352.0,ЦФО
2004,Владимирская область,3381.6,3727,56.1282,180,1503.0,ЦФО
2004,Волгоградская обл...,4648.2,5050,48.7078,970,2664.0,ЮФО
2004,Вологодская область,5246.4,4265,59.2239,450,1250.0,СЗФО
2004,Воронежская область,4143.0,8179,51.6608,520,2366.0,ЦФО
2004,Нижегородская обл...,4793.7,8105,56.3269,420,3464.0,ПФО
2004,Ивановская область,2858.8,808,57.0003,300,1123.0,ЦФО
2004,Иркутская область,5418.6,2864,52.2864,5200,2538.0,СФО
2004,Республика Ингушетия,1757.5,170,43.1667,1700,442.0,СКФО
2004,Калининградская о...,4692.5,2595,54.7104,1100,944.0,СЗФО
2004,Тверская область,3955.8,3646,56.8587,180,1440.0,ЦФО
2004,Калужская область,4181.4,2410,54.5143,190,1029.0,ЦФО
2004,Центральный федер...,8991.1,179155,55.7558,0,38004.0,ЦФО
2004,Краснодарский край,4378.9,15612,45.0355,1200,5116.0,ЮФО
2004,Камчатский край,8343.0,146,53.0444,6770,347.0,ДВФО
2004,Северо-Западный ф...,6938.2,48428,59.9343,635,13826.0,СЗФО
2004,Кемеровская область,6161.6,7712,55.3333,3600,2847.0,СФО
2004,Приволжский федер...,4786.6,95821,55.83,800,30785.0,ПФО
2004,Кировская область,3757.9,3372,58.6035,900,1458.0,ПФО
2004,Уральский федерал...,7412.9,41306,56.8389,1800,12244.0,УрФО
2004,Костромская область,3815.5,800,57.7679,350,717.0,ЦФО
2004,Сибирский федерал...,5266.6,49561,55.0415,3300,17652.0,СФО
2004,Дальневосточный ф...,7046.9,10425,43.1155,9300,8683.0,ДВФО
2004,Самарская область,7176.6,9236,53.1959,1050,3227.0,ПФО
2004,Южный федеральный...,4169.3,52238,45.0355,1200,13888.0,ЮФО
2004,Курганская область,3853.9,1271,55.4412,1900,990.0,УрФО
2004,Курская область,4233.0,3429,51.7373,500,1204.0,ЦФО
2004,Красноярский край,6407.7,8629,56.0153,4100,2916.0,СФО
2004,г.Санкт-Петербург,9175.7,27654,59.9343,635,4674.0,СЗФО
2004,Ленинградская обл...,4455.1,5148,59.9343,635,1677.0,СЗФО
2004,Липецкая область,4430.5,4893,52.6031,420,1201.0,ЦФО
2004,Магаданская область,9485.9,69,59.5681,5900,176.0,ДВФО
2004,г.Москва,20899.1,62529,55.7558,0,10631.0,ЦФО
2004,Московская область,5821.1,57831,55.7558,0,6704.0,ЦФО
2004,Мурманская область,8366.5,137,68.9792,1900,865.0,СЗФО
2004,Новгородская область,4363.3,2139,58.5214,530,678.0,СЗФО
2004,Приморский край,5405.0,2284,43.1155,9300,2038.0,ДВФО
2004,Новосибирская обл...,4968.7,9092,55.0415,3300,2670.0,СФО
2004,Омская область,5427.1,6707,54.9924,2700,2043.0,СФО
2004,Оренбургская область,3872.9,5126,51.7674,1400,2136.0,ПФО
2004,Орловская область,3879.0,3086,52.9668,360,841.0,ЦФО
2004,Пензенская область,3421.0,3539,53.1959,640,1435.0,ПФО
2004,Пермский край,6371.5,5615,58.0105,1400,2767.0,ПФО
2004,Псковская область,4293.6,1775,57.8169,690,740.0,СЗФО
2004,Ростовская область,5038.1,12211,47.2225,1100,4364.0,ЮФО
2004,Рязанская область,3638.8,3103,54.6292,200,1204.0,ЦФО
2004,Саратовская область,3995.0,5238,51.5331,840,2627.0,ПФО
2004,Сахалинская область,9488.3,485,46.9641,6700,533.0,ДВФО
2004,Свердловская область,6743.3,10770,56.8389,1800,4414.0,УрФО
2004,Смоленская область,4429.0,3448,54.7818,370,1035.0,ЦФО
2004,Тамбовская область,4050.9,3351,52.7236,480,1156.0,ЦФО
2004,Томская область,6472.7,4535,56.4846,3600,1033.0,СФО
2004,Ставропольский край,3886.1,6127,45.0428,1400,2740.0,ЮФО
2004,Тульская область,3988.9,2626,54.1931,180,1640.0,ЦФО
2004,Тюменская область,12190.7,19352,57.1522,2100,1314.0,УрФО
2004,Ханты-Мансийский ...,14971.6,10788,60.95,2300,1457.0,УрФО
2004,Ямало-Ненецкий ав...,18868.1,2434,66.53,2500,512.0,УрФО
2004,Ульяновская область,3668.5,1785,54.3142,890,1360.0,ПФО
2004,Челябинская область,4819.8,9913,55.1644,1900,3555.0,УрФО
2004,Забайкальский край,4799.7,1962,52.05,6000,1137.0,СФО
2004,Чукотский авт.округ,15041.8,396,64.7333,6000,51.0,ДВФО
2004,Ярославская область,5094.6,2640,57.6291,270,1338.0,ЦФО
2004,Республика Адыгея,3080.3,310,44.6101,1500,444.0,ЮФО
2004,Хабаровский край,7596.9,2402,48.4808,6100,1406.0,ДВФО
2004,Республика Башкор...,5156.6,18418,54.7388,1300,4087.0,ПФО
2004,Республика Бурятия,4671.9,2308,51.8333,5200,972.0,СФО
2004,Республика Дагестан,3311.2,5522,42.9833,1600,2635.0,СКФО
2004,Кабардино-Балкарс...,3159.9,1751,43.4833,1700,883.0,СКФО
2004,Республика Алтай,3419.4,670,51.9582,3600,202.0,СФО
2004,Республика Калмыкия,2312.1,500,46.3078,1300,292.0,ЮФО
2004,Республика Карелия,5809.2,1172,61.785,1000,696.0,СЗФО
2004,Республика Коми,9300.6,2094,61.6667,1300,991.0,СЗФО
2004,Республика Марий Эл,2566.6,1917,56.63,800,720.0,ПФО
2004,Республика Мордовия,3266.3,1846,54.1833,600,875.0,ПФО
2004,Республика Северн...,4085.8,1342,43.02,1900,707.0,СКФО
2004,Карачаево-Черкесс...,3343.7,466,44.22,1400,447.0,СКФО
2004,Республика Татарстан,5355.0,21466,55.83,800,3770.0,ПФО
2004,Республика Тыва,3384.9,282,51.7,4200,304.0,СФО
2004,Удмуртская Респуб...,3684.8,4118,56.85,1100,1557.0,ПФО
2004,Республика Хакасия,4440.9,1025,53.7167,4000,539.0,СФО
2004,Чувашская Республика,3188.4,6039,56.15,700,1296.0,ПФО
2004,Республика Саха (...,9633.2,3394,62.0281,5000,951.0,ДВФО
2004,Еврейская автоном...,4974.7,191,48.4667,6700,187.0,ДВФО
2005,Алтайский край,4639.7,4583,53.3548,3600,2565.0,СФО
2005,Амурская область,5987.7,1815,50.2907,6500,887.0,ДВФО
2005,Архангельская обл...,7902.5,1668,64.5393,1200,1305.0,СЗФО
2005,Ненецкий авт.округ,21501.8,466,67.6383,1500,42.0,СЗФО
2005,Астраханская область,5636.4,4660,46.3497,1400,998.0,ЮФО
2005,Белгородская область,5275.8,9624,50.5978,700,1512.0,ЦФО
2005,Брянская область,4787.7,2111,53.2521,380,1346.0,ЦФО
2005,Владимирская область,4107.5,4306,56.1282,180,1487.0,ЦФО
2005,Волгоградская обл...,5908.1,5623,48.7078,970,2655.0,ЮФО
2005,Вологодская область,6344.9,4306,59.2239,450,1245.0,СЗФО
2005,Воронежская область,5398.0,9943,51.6608,520,2334.0,ЦФО
2005,Нижегородская обл...,6056.9,8937,56.3269,420,3445.0,ПФО
2005,Ивановская область,3480.3,1176,57.0003,300,1115.0,ЦФО
2005,Иркутская область,7119.5,3630,52.2864,5200,2545.0,СФО
2005,Республика Ингушетия,2737.3,306,43.1667,1700,482.0,СКФО
2005,Калининградская о...,6481.1,2843,54.7104,1100,945.0,СЗФО
2005,Тверская область,5606.1,3228,56.8587,180,1425.0,ЦФО
2005,Калужская область,5343.4,3060,54.5143,190,1022.0,ЦФО
2005,Центральный федер...,10902.3,175892,55.7558,0,37546.0,ЦФО
2005,Краснодарский край,5545.2,17636,45.0355,1200,5100.0,ЮФО
2005,Камчатский край,11167.2,185,53.0444,6770,352.0,ДВФО
2005,Северо-Западный ф...,8995.9,55131,59.9343,635,13731.0,СЗФО
2005,Кемеровская область,7888.6,8968,55.3333,3600,2855.0,СФО
2005,Приволжский федер...,6229.4,106165,55.83,800,30710.0,ПФО
2005,Кировская область,4644.3,3737,58.6035,900,1461.0,ПФО
2005,Уральский федерал...,9581.1,45716,56.8389,1800,12279.0,УрФО
2005,Костромская область,4985.4,1513,57.7679,350,717.0,ЦФО
2005,Сибирский федерал...,6731.4,59573,55.0415,3300,19794.0,СФО
2005,Дальневосточный ф...,8989.3,12882,43.1155,9300,6593.0,ДВФО
2005,Самарская область,9264.1,10752,53.1959,1050,3201.0,ПФО
2005,Южный федеральный...,5756.9,59075,45.0355,1200,22821.0,ЮФО
2005,Курганская область,4799.9,1557,55.4412,1900,992.0,УрФО
2005,Курская область,5217.8,3999,51.7373,500,1199.0,ЦФО
2005,Красноярский край,7790.2,11331,56.0153,4100,2925.0,СФО
2005,г.Санкт-Петербург,12263.7,33190,59.9343,635,4600.0,СЗФО
2005,Ленинградская обл...,5686.5,5328,59.9343,635,1653.0,СЗФО
2005,Липецкая область,5591.2,5761,52.6031,420,1190.0,ЦФО
2005,Магаданская область,11166.7,155,59.5681,5900,175.0,ДВФО
2005,г.Москва,24013.9,62504,55.7558,0,10407.0,ЦФО
2005,Московская область,7444.8,49217,55.7558,0,6630.0,ЦФО
2005,Мурманская область,10624.1,116,68.9792,1900,873.0,СЗФО
2005,Новгородская область,5475.6,2253,58.5214,530,674.0,СЗФО
2005,Приморский край,7162.9,2894,43.1155,9300,2036.0,ДВФО
2005,Новосибирская обл...,6638.8,9933,55.0415,3300,2662.0,СФО
2005,Омская область,6969.1,9543,54.9924,2700,2047.0,СФО
2005,Оренбургская область,5122.3,5495,51.7674,1400,2150.0,ПФО
2005,Орловская область,4856.5,3333,52.9668,360,842.0,ЦФО
2005,Пензенская область,4354.7,3836,53.1959,640,1423.0,ПФО
2005,Пермский край,8273.2,8821,58.0105,1400,2770.0,ПФО
2005,Псковская область,4926.8,1454,57.8169,690,737.0,СЗФО
2005,Ростовская область,6359.7,13066,47.2225,1100,4334.0,ЮФО
2005,Рязанская область,4775.1,3806,54.6292,200,1195.0,ЦФО
2005,Саратовская область,5056.0,8527,51.5331,840,2626.0,ПФО
2005,Сахалинская область,12639.5,458,46.9641,6700,532.0,ДВФО
2005,Свердловская область,9021.7,13479,56.8389,1800,4428.0,УрФО
2005,Смоленская область,5482.7,3741,54.7818,370,1019.0,ЦФО
2005,Тамбовская область,5292.4,3545,52.7236,480,1145.0,ЦФО
2005,Томская область,8141.6,5244,56.4846,3600,1037.0,СФО
2005,Ставропольский край,5116.5,6841,45.0428,1400,2718.0,ЮФО
2005,Тульская область,4988.4,2173,54.1931,180,1622.0,ЦФО
2005,Тюменская область,14982.8,18548,57.1522,2100,3308.0,УрФО
2005,Ханты-Мансийский ...,18114.6,8712,60.95,2300,1469.0,УрФО
2005,Ямало-Ненецкий ав...,22230.7,3028,66.53,2500,523.0,УрФО
2005,Ульяновская область,4575.9,3531,54.3142,890,1351.0,ПФО
2005,Челябинская область,6553.5,12133,55.1644,1900,3551.0,УрФО
2005,Забайкальский край,5907.6,1805,52.05,6000,1136.0,СФО
2005,Чукотский авт.округ,19668.9,355,64.7333,6000,51.0,ДВФО
2005,Ярославская область,6320.7,2852,57.6291,270,1339.0,ЦФО
2005,Республика Адыгея,3892.9,611,44.6101,1500,445.0,ЮФО
2005,Хабаровский край,9653.7,2955,48.4808,6100,1420.0,ДВФО
2005,Республика Башкор...,6886.5,19395,54.7388,1300,4079.0,ПФО
2005,Республика Бурятия,6026.9,2377,51.8333,5200,969.0,СФО
2005,Республика Дагестан,4388.5,5873,42.9833,1600,2622.0,СКФО
2005,Кабардино-Балкарс...,4190.1,1750,43.4833,1700,897.0,СКФО
2005,Республика Алтай,4380.9,540,51.9582,3600,204.0,СФО
2005,Республика Калмыкия,2391.9,484,46.3078,1300,290.0,ЮФО
2005,Республика Карелия,7277.8,1119,61.785,1000,703.0,СЗФО
2005,Республика Коми,11452.3,2854,61.6667,1300,996.0,СЗФО
2005,Республика Марий Эл,3376.0,2131,56.63,800,717.0,ПФО
2005,Республика Мордовия,4102.9,2214,54.1833,600,866.0,ПФО
2005,Республика Северн...,4668.8,1250,43.02,1900,704.0,СКФО
2005,Карачаево-Черкесс...,4083.8,521,44.22,1400,435.0,СКФО
2005,Республика Татарстан,7383.5,16674,55.83,800,3769.0,ПФО
2005,Республика Тыва,4161.5,302,51.7,4200,308.0,СФО
2005,Удмуртская Респуб...,4656.9,4080,56.85,1100,1553.0,ПФО
2005,Республика Хакасия,5176.5,1317,53.7167,4000,541.0,СФО
2005,Чувашская Республика,3958.5,8035,56.15,700,1299.0,ПФО
2005,Республика Саха (...,11349.9,3834,62.0281,5000,951.0,ДВФО
2005,Еврейская автоном...,6405.7,231,48.4667,6700,189.0,ДВФО
2006,Алтайский край,6369.1,5466,53.3548,3600,2503.0,СФО
2006,Амурская область,7419.0,1847,50.2907,6500,861.0,ДВФО
2006,Архангельская обл...,9625.8,2726,64.5393,1200,1282.0,СЗФО
2006,Ненецкий авт.округ,27276.5,557,67.6383,1500,42.0,СЗФО
2006,Астраханская область,7035.0,4352,46.3497,1400,1003.0,ЮФО
2006,Белгородская область,7082.8,9957,50.5978,700,1512.0,ЦФО
2006,Брянская область,6171.1,2878,53.2521,380,1327.0,ЦФО
2006,Владимирская область,5626.9,4149,56.1282,180,1486.0,ЦФО
2006,Волгоградская обл...,7889.3,6966,48.7078,970,2640.0,ЮФО
2006,Вологодская область,8681.9,4672,59.2239,450,1235.0,СЗФО
2006,Воронежская область,6861.6,11685,51.6608,520,2361.0,ЦФО
2006,Нижегородская обл...,8049.0,10332,56.3269,420,3414.0,ПФО
2006,Ивановская область,4456.9,2080,57.0003,300,1102.0,ЦФО
2006,Иркутская область,8826.3,4120,52.2864,5200,2492.0,СФО
2006,Республика Ингушетия,3568.8,310,43.1667,1700,417.0,СКФО
2006,Калининградская о...,8917.5,6630,54.7104,1100,936.0,СЗФО
2006,Тверская область,7266.6,4470,56.8587,180,1415.0,ЦФО
2006,Калужская область,6924.7,3312,54.5143,190,1023.0,ЦФО
2006,Центральный федер...,13570.0,209685,55.7558,0,38109.0,ЦФО
2006,Краснодарский край,7193.1,24282,45.0355,1200,5127.0,ЮФО
2006,Камчатский край,13811.9,355,53.0444,6770,337.0,ДВФО
2006,Северо-Западный ф...,10889.3,64037,59.9343,635,13716.0,СЗФО
2006,Кемеровская область,9565.8,11660,55.3333,3600,2806.0,СФО
2006,Приволжский федер...,8014.1,117054,55.83,800,30453.0,ПФО
2006,Кировская область,5885.6,4710,58.6035,900,1419.0,ПФО
2006,Уральский федерал...,12170.4,57293,56.8389,1800,12129.0,УрФО
2006,Костромская область,6397.5,1449,57.7679,350,700.0,ЦФО
2006,Сибирский федерал...,8434.5,75898,55.0415,3300,19495.0,СФО
2006,Дальневосточный ф...,11266.8,13665,43.1155,9300,6460.0,ДВФО
2006,Самарская область,11382.9,8692,53.1959,1050,3226.0,ПФО
2006,Южный федеральный...,7245.4,70572,45.0355,1200,13837.0,ЮФО
2006,Курганская область,6676.8,1951,55.4412,1900,962.0,УрФО
2006,Курская область,6751.0,4524,51.7373,500,1178.0,ЦФО
2006,Красноярский край,9784.0,13116,56.0153,4100,2869.0,СФО
2006,г.Санкт-Петербург,13686.7,34227,59.9343,635,4713.0,СЗФО
2006,Ленинградская обл...,8055.4,7326,59.9343,635,1685.0,СЗФО
2006,Липецкая область,7610.7,6283,52.6031,420,1194.0,ЦФО
2006,Магаданская область,13858.3,194,59.5681,5900,170.0,ДВФО
2006,г.Москва,28249.4,64509,55.7558,0,10924.0,ЦФО
2006,Московская область,10515.0,71347,55.7558,0,6784.0,ЦФО
2006,Мурманская область,13020.1,173,68.9792,1900,839.0,СЗФО
2006,Новгородская область,7205.9,2472,58.5214,530,666.0,СЗФО
2006,Приморский край,9109.5,3562,43.1155,9300,2007.0,ДВФО
2006,Новосибирская обл...,8381.3,15584,55.0415,3300,2655.0,СФО
2006,Омская область,9084.3,12299,54.9924,2700,2016.0,СФО
2006,Оренбургская область,6326.3,6449,51.7674,1400,2093.0,ПФО
2006,Орловская область,5972.3,3700,52.9668,360,822.0,ЦФО
2006,Пензенская область,5603.4,4894,53.1959,640,1420.0,ПФО
2006,Пермский край,11122.0,9993,58.0105,1400,2719.0,ПФО
2006,Псковская область,6422.5,1666,57.8169,690,721.0,СЗФО
2006,Ростовская область,7482.5,16034,47.2225,1100,4332.0,ЮФО
2006,Рязанская область,6133.4,4695,54.6292,200,1189.0,ЦФО
2006,Саратовская область,6182.0,9981,51.5331,840,2591.0,ПФО
2006,Сахалинская область,16412.4,576,46.9641,6700,521.0,ДВФО
2006,Свердловская область,11167.6,16092,56.8389,1800,4356.0,УрФО
2006,Смоленская область,6722.8,3983,54.7818,370,1025.0,ЦФО
2006,Тамбовская область,6814.8,4221,52.7236,480,1139.0,ЦФО
2006,Томская область,9992.4,5749,56.4846,3600,1024.0,СФО
2006,Ставропольский край,6488.4,7315,45.0428,1400,2747.0,ЮФО
2006,Тульская область,6564.1,2980,54.1931,180,1615.0,ЦФО
2006,Тюменская область,18813.4,23985,57.1522,2100,3294.0,УрФО
2006,Ханты-Мансийский ...,22481.9,11189,60.95,2300,1468.0,УрФО
2006,Ямало-Ненецкий ав...,27665.0,4313,66.53,2500,517.0,УрФО
2006,Ульяновская область,6137.1,4025,54.3142,890,1340.0,ПФО
2006,Челябинская область,8655.2,15265,55.1644,1900,3517.0,УрФО
2006,Забайкальский край,7119.2,2505,52.05,6000,1124.0,СФО
2006,Чукотский авт.округ,23326.1,149,64.7333,6000,52.0,ДВФО
2006,Ярославская область,8263.5,3463,57.6291,270,1313.0,ЦФО
2006,Республика Адыгея,4731.0,282,44.6101,1500,441.0,ЮФО
2006,Хабаровский край,12356.6,3005,48.4808,6100,1376.0,ДВФО
2006,Республика Башкор...,8903.6,21278,54.7388,1300,4066.0,ПФО
2006,Республика Бурятия,6989.8,2932,51.8333,5200,967.0,СФО
2006,Республика Дагестан,6112.1,5707,42.9833,1600,2693.0,СКФО
2006,Кабардино-Балкарс...,5258.5,1526,43.4833,1700,866.0,СКФО
2006,Республика Алтай,5557.0,679,51.9582,3600,202.0,СФО
2006,Республика Калмыкия,3456.7,692,46.3078,1300,294.0,ЮФО
2006,Республика Карелия,9127.6,1444,61.785,1000,676.0,СЗФО
2006,Республика Коми,13782.2,2701,61.6667,1300,963.0,СЗФО
2006,Республика Марий Эл,4896.5,2635,56.63,800,713.0,ПФО
2006,Республика Мордовия,4826.9,2740,54.1833,600,865.0,ПФО
2006,Республика Северн...,5976.7,1874,43.02,1900,707.0,СКФО
2006,Карачаево-Черкесс...,5196.3,624,44.22,1400,455.0,СКФО
2006,Республика Татарстан,9365.5,17980,55.83,800,3762.0,ПФО
2006,Республика Тыва,4819.6,359,51.7,4200,303.0,СФО
2006,Удмуртская Респуб...,6262.0,4730,56.85,1100,1546.0,ПФО
2006,Республика Хакасия,6425.5,1429,53.7167,4000,534.0,СФО
2006,Чувашская Республика,5448.8,8616,56.15,700,1279.0,ПФО
2006,Республика Саха (...,13554.9,3668,62.0281,5000,954.0,ДВФО
2006,Еврейская автоном...,7623.8,309,48.4667,6700,182.0,ДВФО
2007,Алтайский край,7597.1,7133,53.3548,3600,2473.0,СФО
2007,Амурская область,9662.3,2631,50.2907,6500,850.0,ДВФО
2007,Архангельская обл...,11702.8,3731,64.5393,1200,1267.0,СЗФО
2007,Ненецкий авт.округ,38038.8,620,67.6383,1500,42.0,СЗФО
2007,Астраханская область,8638.6,4345,46.3497,1400,1001.0,ЮФО
2007,Белгородская область,9399.1,11857,50.5978,700,1514.0,ЦФО
2007,Брянская область,7626.2,3651,53.2521,380,1313.0,ЦФО
2007,Владимирская область,7014.9,4587,56.1282,180,1476.0,ЦФО
2007,Волгоградская обл...,9409.8,8000,48.7078,970,2630.0,ЮФО
2007,Вологодская область,10521.0,6658,59.2239,450,1226.0,СЗФО
2007,Воронежская область,8306.6,12362,51.6608,520,2354.0,ЦФО
2007,Нижегородская обл...,10171.9,13151,56.3269,420,3384.0,ПФО
2007,Ивановская область,5683.5,1674,57.0003,300,1090.0,ЦФО
2007,Иркутская область,10280.0,7259,52.2864,5200,2467.0,СФО
2007,Республика Ингушетия,4886.7,1725,43.1667,1700,407.0,СКФО
2007,Калининградская о...,11430.7,8971,54.7104,1100,934.0,СЗФО
2007,Тверская область,8542.9,4984,56.8587,180,1399.0,ЦФО
2007,Калужская область,9185.5,5674,54.5143,190,1020.0,ЦФО
2007,Центральный федер...,16631.2,233610,55.7558,0,38183.0,ЦФО
2007,Краснодарский край,9692.3,31890,45.0355,1200,5143.0,ЮФО
2007,Камчатский край,16787.1,305,53.0444,6770,331.0,ДВФО
2007,Северо-Западный ф...,13163.0,76261,59.9343,635,13665.0,СЗФО
2007,Кемеровская область,11876.0,14318,55.3333,3600,2786.0,СФО
2007,Приволжский федер...,9958.9,144309,55.83,800,30264.0,ПФО
2007,Кировская область,7407.4,5331,58.6035,900,1396.0,ПФО
2007,Уральский федерал...,15221.9,72626,56.8389,1800,12081.0,УрФО
2007,Костромская область,7857.3,1428,57.7679,350,690.0,ЦФО
2007,Сибирский федерал...,10413.7,92216,55.0415,3300,19361.0,СФО
2007,Дальневосточный ф...,13597.4,16874,43.1155,9300,6398.0,ДВФО
2007,Самарская область,13779.3,15766,53.1959,1050,3224.0,ПФО
2007,Южный федеральный...,9277.3,86557,45.0355,1200,13820.0,ЮФО
2007,Курганская область,8700.9,2477,55.4412,1900,946.0,УрФО
2007,Курская область,8686.6,5216,51.7373,500,1162.0,ЦФО
2007,Красноярский край,12880.3,16529,56.0153,4100,2846.0,СФО
2007,г.Санкт-Петербург,16214.2,38051,59.9343,635,4748.0,СЗФО
2007,Ленинградская обл...,10201.2,9105,59.9343,635,1691.0,СЗФО
2007,Липецкая область,9471.9,6902,52.6031,420,1190.0,ЦФО
2007,Магаданская область,16634.1,322,59.5681,5900,167.0,ДВФО
2007,г.Москва,33314.8,66112,55.7558,0,11091.0,ЦФО
2007,Московская область,14034.1,81219,55.7558,0,6847.0,ЦФО
2007,Мурманская область,15859.1,115,68.9792,1900,824.0,СЗФО
2007,Новгородская область,8614.1,3501,58.5214,530,657.0,СЗФО
2007,Приморский край,10894.4,3595,43.1155,9300,1989.0,ДВФО
2007,Новосибирская обл...,10290.2,16674,55.0415,3300,2647.0,СФО
2007,Омская область,11450.7,14451,54.9924,2700,2003.0,СФО
2007,Оренбургская область,7914.3,7729,51.7674,1400,2068.0,ПФО
2007,Орловская область,7324.9,4472,52.9668,360,811.0,ЦФО
2007,Пензенская область,7908.4,6451,53.1959,640,1412.0,ПФО
2007,Пермский край,13691.1,11602,58.0105,1400,2692.0,ПФО
2007,Псковская область,7923.2,1654,57.8169,690,708.0,СЗФО
2007,Ростовская область,9538.8,18797,47.2225,1100,4315.0,ЮФО
2007,Рязанская область,8049.0,6080,54.6292,200,1181.0,ЦФО
2007,Саратовская область,7320.3,11807,51.5331,840,2572.0,ПФО
2007,Сахалинская область,20513.0,1150,46.9641,6700,513.0,ДВФО
2007,Свердловская область,14481.5,20376,56.8389,1800,4331.0,УрФО
2007,Смоленская область,8227.9,3998,54.7818,370,1018.0,ЦФО
2007,Тамбовская область,8514.7,4434,52.7236,480,1127.0,ЦФО
2007,Томская область,11997.9,6330,56.4846,3600,1023.0,СФО
2007,Ставропольский край,8122.4,9368,45.0428,1400,2747.0,ЮФО
2007,Тульская область,8264.7,3490,54.1931,180,1600.0,ЦФО
2007,Тюменская область,22794.5,29065,57.1522,2100,3307.0,УрФО
2007,Ханты-Мансийский ...,27357.9,12878,60.95,2300,1475.0,УрФО
2007,Ямало-Ненецкий ав...,32589.9,3854,66.53,2500,522.0,УрФО
2007,Ульяновская область,7761.7,4770,54.3142,890,1326.0,ПФО
2007,Челябинская область,10699.6,20788,55.1644,1900,3497.0,УрФО
2007,Забайкальский край,8265.4,3203,52.05,6000,1115.0,СФО
2007,Чукотский авт.округ,26557.3,147,64.7333,6000,53.0,ДВФО
2007,Ярославская область,10101.3,5470,57.6291,270,1300.0,ЦФО
2007,Республика Адыгея,5802.1,733,44.6101,1500,438.0,ЮФО
2007,Хабаровский край,15081.0,3454,48.4808,6100,1360.0,ДВФО
2007,Республика Башкор...,11072.8,22827,54.7388,1300,4053.0,ПФО
2007,Республика Бурятия,8845.7,3443,51.8333,5200,965.0,СФО
2007,Республика Дагестан,7724.2,6470,42.9833,1600,2736.0,СКФО
2007,Кабардино-Балкарс...,6902.0,1666,43.4833,1700,858.0,СКФО
2007,Республика Алтай,7066.8,819,51.9582,3600,202.0,СФО
2007,Республика Калмыкия,4375.2,743,46.3078,1300,293.0,ЮФО
2007,Республика Карелия,10547.6,1634,61.785,1000,665.0,СЗФО
2007,Республика Коми,16760.7,2841,61.6667,1300,945.0,СЗФО
2007,Республика Марий Эл,6072.3,3332,56.63,800,708.0,ПФО
2007,Республика Мордовия,6060.4,3274,54.1833,600,858.0,ПФО
2007,Республика Северн...,7781.7,1747,43.02,1900,709.0,СКФО
2007,Карачаево-Черкесс...,6402.0,690,44.22,1400,462.0,СКФО
2007,Республика Татарстан,11566.9,22656,55.83,800,3763.0,ПФО
2007,Республика Тыва,5959.2,505,51.7,4200,303.0,СФО
2007,Удмуртская Респуб...,7823.8,5397,56.85,1100,1539.0,ПФО
2007,Республика Хакасия,8066.9,1552,53.7167,4000,531.0,СФО
2007,Чувашская Республика,6848.7,10215,56.15,700,1269.0,ПФО
2007,Республика Саха (...,15571.2,4888,62.0281,5000,956.0,ДВФО
2007,Еврейская автоном...,8751.5,382,48.4667,6700,179.0,ДВФО
2008,Алтайский край,9973.6,7514,53.3548,3600,2454.0,СФО
2008,Амурская область,12297.4,2815,50.2907,6500,844.0,ДВФО
2008,Архангельская обл...,15004.5,5022,64.5393,1200,1257.0,СЗФО
2008,Ненецкий авт.округ,48930.2,1139,67.6383,1500,42.0,СЗФО
2008,Астраханская область,11066.9,2982,46.3497,1400,1006.0,ЮФО
2008,Белгородская область,12748.9,12251,50.5978,700,1520.0,ЦФО
2008,Брянская область,10083.4,3939,53.2521,380,1303.0,ЦФО
2008,Владимирская область,9479.9,4691,56.1282,180,1467.0,ЦФО
2008,Волгоградская обл...,10833.5,8945,48.7078,970,2623.0,ЮФО
2008,Вологодская область,12229.7,8642,59.2239,450,1220.0,СЗФО
2008,Воронежская область,10586.8,15503,51.6608,520,2345.0,ЦФО
2008,Нижегородская обл...,13078.2,16174,56.3269,420,3363.0,ПФО
2008,Ивановская область,8343.1,2190,57.0003,300,1081.0,ЦФО
2008,Иркутская область,13169.4,7421,52.2864,5200,2455.0,СФО
2008,Республика Ингушетия,6909.2,547,43.1667,1700,407.0,СКФО
2008,Калининградская о...,12919.9,9355,54.7104,1100,935.0,СЗФО
2008,Тверская область,10803.3,3811,56.8587,180,1387.0,ЦФО
2008,Калужская область,11612.4,7493,54.5143,190,1018.0,ЦФО
2008,Центральный федер...,18590.3,224193,55.7558,0,38210.0,ЦФО
2008,Краснодарский край,11906.2,34190,45.0355,1200,5170.0,ЮФО
2008,Камчатский край,20116.1,874,53.0444,6770,328.0,ДВФО
2008,Северо-Западный ф...,14915.3,93129,59.9343,635,13631.0,СЗФО
2008,Кемеровская область,14670.1,15129,55.3333,3600,2780.0,СФО
2008,Приволжский федер...,12391.8,160569,55.83,800,30147.0,ПФО
2008,Кировская область,10370.4,6429,58.6035,900,1379.0,ПФО
2008,Уральский федерал...,18951.9,80210,56.8389,1800,12074.0,УрФО
2008,Костромская область,9607.9,1476,57.7679,350,683.0,ЦФО
2008,Сибирский федерал...,13044.7,97285,55.0415,3300,19303.0,СФО
2008,Дальневосточный ф...,15916.2,19106,43.1155,9300,6369.0,ДВФО
2008,Самарская область,15564.2,16563,53.1959,1050,3221.0,ПФО
2008,Южный федеральный...,11422.9,92744,45.0355,1200,13827.0,ЮФО
2008,Курганская область,11445.4,3777,55.4412,1900,934.0,УрФО
2008,Курская область,11523.9,5667,51.7373,500,1152.0,ЦФО
2008,Красноярский край,15908.7,16199,56.0153,4100,2837.0,СФО
2008,г.Санкт-Петербург,16946.0,48050,59.9343,635,4765.0,СЗФО
2008,Ленинградская обл...,11567.3,10896,59.9343,635,1693.0,СЗФО
2008,Липецкая область,12085.1,6701,52.6031,420,1187.0,ЦФО
2008,Магаданская область,19937.2,259,59.5681,5900,164.0,ДВФО
2008,г.Москва,31940.1,46543,55.7558,0,11187.0,ЦФО
2008,Московская область,19046.8,83026,55.7558,0,6895.0,ЦФО
2008,Мурманская область,19615.2,56,68.9792,1900,815.0,СЗФО
2008,Новгородская область,11653.3,4134,58.5214,530,652.0,СЗФО
2008,Приморский край,12927.3,4033,43.1155,9300,1977.0,ДВФО
2008,Новосибирская обл...,13040.3,18351,55.0415,3300,2643.0,СФО
2008,Омская область,13801.5,13985,54.9924,2700,1993.0,СФО
2008,Оренбургская область,10508.3,7926,51.7674,1400,2056.0,ПФО
2008,Орловская область,10027.3,4400,52.9668,360,805.0,ЦФО
2008,Пензенская область,10043.5,6902,53.1959,640,1405.0,ПФО
2008,Пермский край,16398.0,10585,58.0105,1400,2674.0,ПФО
2008,Псковская область,10336.4,2002,57.8169,690,700.0,СЗФО
2008,Ростовская область,12027.7,20402,47.2225,1100,4298.0,ЮФО
2008,Рязанская область,11214.8,6780,54.6292,200,1175.0,ЦФО
2008,Саратовская область,9155.7,12880,51.5331,840,2558.0,ПФО
2008,Сахалинская область,25007.3,2011,46.9641,6700,510.0,ДВФО
2008,Свердловская область,17481.2,20290,56.8389,1800,4320.0,УрФО
2008,Смоленская область,11222.5,4359,54.7818,370,1009.0,ЦФО
2008,Тамбовская область,11144.9,5193,52.7236,480,1116.0,ЦФО
2008,Томская область,13584.3,7429,56.4846,3600,1026.0,СФО
2008,Ставропольский край,9745.6,11333,45.0428,1400,2760.0,ЮФО
2008,Тульская область,11227.0,4693,54.1931,180,1588.0,ЦФО
2008,Тюменская область,27984.1,31822,57.1522,2100,3331.0,УрФО
2008,Ханты-Мансийский ...,33197.3,13193,60.95,2300,1491.0,УрФО
2008,Ямало-Ненецкий ав...,39568.6,3801,66.53,2500,524.0,УрФО
2008,Ульяновская область,9727.8,5473,54.3142,890,1316.0,ПФО
2008,Челябинская область,14120.0,24321,55.1644,1900,3489.0,УрФО
2008,Забайкальский край,11047.2,3657,52.05,6000,1112.0,СФО
2008,Чукотский авт.округ,30554.3,28,64.7333,6000,53.0,ДВФО
2008,Ярославская область,12815.8,5478,57.6291,270,1292.0,ЦФО
2008,Республика Адыгея,8047.0,777,44.6101,1500,438.0,ЮФО
2008,Хабаровский край,16283.5,4242,48.4808,6100,1355.0,ДВФО
2008,Республика Башкор...,14245.4,27935,54.7388,1300,4055.0,ПФО
2008,Республика Бурятия,11233.4,4076,51.8333,5200,965.0,СФО
2008,Республика Дагестан,10541.1,7689,42.9833,1600,2788.0,СКФО
2008,Кабардино-Балкарс...,8931.4,2009,43.4833,1700,857.0,СКФО
2008,Республика Алтай,10384.8,807,51.9582,3600,203.0,СФО
2008,Республика Калмыкия,5530.9,672,46.3078,1300,292.0,ЮФО
2008,Республика Карелия,12833.8,2122,61.785,1000,659.0,СЗФО
2008,Республика Коми,19334.0,2846,61.6667,1300,935.0,СЗФО
2008,Республика Марий Эл,7825.4,3546,56.63,800,705.0,ПФО
2008,Республика Мордовия,8269.6,3814,54.1833,600,852.0,ПФО
2008,Республика Северн...,9847.5,2157,43.02,1900,712.0,СКФО
2008,Карачаево-Черкесс...,7918.1,599,44.22,1400,466.0,СКФО
2008,Республика Татарстан,14163.7,26626,55.83,800,3767.0,ПФО
2008,Республика Тыва,8084.1,658,51.7,4200,304.0,СФО
2008,Удмуртская Респуб...,9586.6,5689,56.85,1100,1533.0,ПФО
2008,Республика Хакасия,10303.6,2058,53.7167,4000,531.0,СФО
2008,Чувашская Республика,8732.2,10026,56.15,700,1263.0,ПФО
2008,Республика Саха (...,18586.4,4196,62.0281,5000,959.0,ДВФО
2008,Еврейская автоном...,11306.3,648,48.4667,6700,179.0,ДВФО
2009,Алтайский край,9868.3,8675,53.3548,3600,2439.0,СФО
2009,Амурская область,13196.4,2348,50.2907,6500,839.0,ДВФО
2009,Архангельская обл...,17523.4,3624,64.5393,1200,1246.0,СЗФО
2009,Ненецкий авт.округ,49090.8,762,67.6383,1500,42.0,СЗФО
2009,Астраханская область,13011.9,4450,46.3497,1400,1010.0,ЮФО
2009,Белгородская область,14146.7,10996,50.5978,700,1526.0,ЦФО
2009,Брянская область,11484.3,4765,53.2521,380,1294.0,ЦФО
2009,Владимирская область,10827.5,5715,56.1282,180,1458.0,ЦФО
2009,Волгоградская обл...,12530.7,7216,48.7078,970,2618.0,ЮФО
2009,Вологодская область,12239.1,7571,59.2239,450,1214.0,СЗФО
2009,Воронежская область,11999.4,11534,51.6608,520,2339.0,ЦФО
2009,Нижегородская обл...,14490.7,17792,56.3269,420,3344.0,ПФО
2009,Ивановская область,9351.2,2197,57.0003,300,1074.0,ЦФО
2009,Иркутская область,13909.9,8066,52.2864,5200,2448.0,СФО
2009,Республика Ингушетия,8000.5,341,43.1667,1700,409.0,СКФО
2009,Калининградская о...,14771.7,7341,54.7104,1100,937.0,СЗФО
2009,Тверская область,12185.0,5078,56.8587,180,1376.0,ЦФО
2009,Калужская область,13379.8,5028,54.5143,190,1015.0,ЦФО
2009,Центральный федер...,21931.1,215926,55.7558,0,38263.0,ЦФО
2009,Краснодарский край,13752.1,30458,45.0355,1200,5195.0,ЮФО
2009,Камчатский край,24051.1,901,53.0444,6770,325.0,ДВФО
2009,Северо-Западный ф...,17389.9,80564,59.9343,635,13612.0,СЗФО
2009,Кемеровская область,13736.1,15139,55.3333,3600,2776.0,СФО
2009,Приволжский федер...,13961.9,147899,55.83,800,30053.0,ПФО
2009,Кировская область,11245.4,4716,58.6035,900,1365.0,ПФО
2009,Уральский федерал...,20072.8,64361,56.8389,1800,12076.0,УрФО
2009,Костромская область,10695.6,2082,57.7679,350,678.0,ЦФО
2009,Сибирский федерал...,13713.7,85033,55.0415,3300,19282.0,СФО
2009,Дальневосточный ф...,18761.6,19987,43.1155,9300,6339.0,ДВФО
2009,Самарская область,18021.0,11529,53.1959,1050,3222.0,ПФО
2009,Южный федеральный...,12928.7,62364,45.0355,1200,13845.0,ЮФО
2009,Курганская область,12153.2,3951,55.4412,1900,925.0,УрФО
2009,Северо-Кавказский...,11401.7,25010,43.02,1900,9267.0,СКФО
2009,Курская область,12801.5,6556,51.7373,500,1143.0,ЦФО
2009,Красноярский край,17008.8,11977,56.0153,4100,2833.0,СФО
2009,г.Санкт-Петербург,21552.8,38990,59.9343,635,4799.0,СЗФО
2009,Ленинградская обл...,12537.7,12144,59.9343,635,1699.0,СЗФО
2009,Липецкая область,14487.2,5572,52.6031,420,1182.0,ЦФО
2009,Магаданская область,24753.9,271,59.5681,5900,161.0,ДВФО
2009,г.Москва,40071.6,33091,55.7558,0,11282.0,ЦФО
2009,Московская область,20064.1,93041,55.7558,0,6958.0,ЦФО
2009,Мурманская область,22333.1,290,68.9792,1900,806.0,СЗФО
2009,Новгородская область,13388.8,3860,58.5214,530,645.0,СЗФО
2009,Приморский край,15485.6,3705,43.1155,9300,1970.0,ДВФО
2009,Новосибирская обл...,15117.7,16851,55.0415,3300,2649.0,СФО
2009,Омская область,14061.1,7584,54.9924,2700,1988.0,СФО
2009,Оренбургская область,12008.1,8169,51.7674,1400,2044.0,ПФО
2009,Орловская область,10926.5,4141,52.9668,360,799.0,ЦФО
2009,Пензенская область,11415.5,7101,53.1959,640,1398.0,ПФО
2009,Пермский край,17975.0,8702,58.0105,1400,2661.0,ПФО
2009,Псковская область,11438.0,2620,57.8169,690,690.0,СЗФО
2009,Ростовская область,12800.0,18113,47.2225,1100,4292.0,ЮФО
2009,Рязанская область,11968.4,7348,54.6292,200,1168.0,ЦФО
2009,Саратовская область,10485.5,14682,51.5331,840,2545.0,ПФО
2009,Сахалинская область,28348.7,1780,46.9641,6700,505.0,ДВФО
2009,Свердловская область,19722.5,17482,56.8389,1800,4314.0,УрФО
2009,Смоленская область,12616.0,4577,54.7818,370,1001.0,ЦФО
2009,Тамбовская область,11970.2,4666,52.7236,480,1108.0,ЦФО
2009,Томская область,13917.6,5932,56.4846,3600,1032.0,СФО
2009,Ставропольский край,11244.5,10415,45.0428,1400,2767.0,ЮФО
2009,Тульская область,13191.0,4195,54.1931,180,1576.0,ЦФО
2009,Тюменская область,27719.0,27784,57.1522,2100,3352.0,УрФО
2009,Ханты-Мансийский ...,32196.7,11429,60.95,2300,1504.0,УрФО
2009,Ямало-Ненецкий ав...,40196.3,2178,66.53,2500,523.0,УрФО
2009,Ульяновская область,10762.7,4634,54.3142,890,1309.0,ПФО
2009,Челябинская область,15215.1,15144,55.1644,1900,3485.0,УрФО
2009,Забайкальский край,12704.8,3821,52.05,6000,1109.0,СФО
2009,Чукотский авт.округ,33607.2,91,64.7333,6000,52.0,ДВФО
2009,Ярославская область,13424.6,5344,57.6291,270,1286.0,ЦФО
2009,Республика Адыгея,10555.8,1313,44.6101,1500,440.0,ЮФО
2009,Хабаровский край,19928.4,5525,48.4808,6100,1351.0,ДВФО
2009,Республика Башкор...,16124.8,24347,54.7388,1300,4059.0,ПФО
2009,Республика Бурятия,12956.1,3463,51.8333,5200,966.0,СФО
2009,Республика Дагестан,13250.1,9089,42.9833,1600,2827.0,СКФО
2009,Кабардино-Балкарс...,9985.6,1710,43.4833,1700,858.0,СКФО
2009,Республика Алтай,11081.3,867,51.9582,3600,205.0,СФО
2009,Республика Калмыкия,6953.5,814,46.3078,1300,290.0,ЮФО
2009,Республика Карелия,14293.0,2267,61.785,1000,654.0,СЗФО
2009,Республика Коми,20085.0,1857,61.6667,1300,922.0,СЗФО
2009,Республика Марий Эл,9205.4,3413,56.63,800,701.0,ПФО
2009,Республика Мордовия,9522.2,3964,54.1833,600,845.0,ПФО
2009,Республика Северн...,9977.7,2214,43.02,1900,712.0,СКФО
2009,Карачаево-Черкесс...,9200.6,658,44.22,1400,470.0,СКФО
2009,Республика Татарстан,15892.5,24004,55.83,800,3774.0,ПФО
2009,Республика Тыва,10041.8,750,51.7,4200,305.0,СФО
2009,Удмуртская Респуб...,11060.0,5617,56.85,1100,1528.0,ПФО
2009,Республика Хакасия,10705.7,1907,53.7167,4000,532.0,СФО
2009,Чувашская Республика,9586.3,9230,56.15,700,1258.0,ПФО
2009,Республика Саха (...,21161.7,4613,62.0281,5000,958.0,ДВФО
2009,Еврейская автоном...,13646.2,752,48.4667,6700,178.0,ДВФО
2010,Алтайский край,11029.3,9113,53.3548,3600,2431.0,СФО
2010,Амурская область,14323.4,2780,50.2907,6500,835.0,ДВФО
2010,Архангельская обл...,19608.8,3987,64.5393,1200,1237.0,СЗФО
2010,Ненецкий авт.округ,52270.1,701,67.6383,1500,42.0,СЗФО
2010,Астраханская область,14697.2,4997,46.3497,1400,1011.0,ЮФО
2010,Белгородская область,16992.8,10898,50.5978,700,1532.0,ЦФО
2010,Брянская область,13358.4,5008,53.2521,380,1287.0,ЦФО
2010,Владимирская область,12956.2,5947,56.1282,180,1450.0,ЦФО
2010,Волгоградская обл...,13774.8,7337,48.7078,970,2614.0,ЮФО
2010,Вологодская область,14115.1,6494,59.2239,450,1208.0,СЗФО
2010,Воронежская область,13883.3,14533,51.6608,520,2335.0,ЦФО
2010,Нижегородская обл...,16477.3,18481,56.3269,420,3327.0,ПФО
2010,Ивановская область,11123.5,2217,57.0003,300,1068.0,ЦФО
2010,Иркутская область,15109.7,10071,52.2864,5200,2440.0,СФО
2010,Республика Ингушетия,9630.0,1367,43.1667,1700,412.0,СКФО
2010,Калининградская о...,16040.1,6709,54.7104,1100,938.0,СЗФО
2010,Тверская область,13872.6,5275,56.8587,180,1365.0,ЦФО
2010,Калужская область,15477.4,5805,54.5143,190,1015.0,ЦФО
2010,Центральный федер...,24644.7,202683,55.7558,0,38335.0,ЦФО
2010,Краснодарский край,16892.1,37146,45.0355,1200,5214.0,ЮФО
2010,Камчатский край,27010.3,783,53.0444,6770,323.0,ДВФО
2010,Северо-Западный ф...,19836.7,81683,59.9343,635,13604.0,СЗФО
2010,Кемеровская область,15341.2,14713,55.3333,3600,2773.0,СФО
2010,Приволжский федер...,15840.1,149382,55.83,800,29993.0,ПФО
2010,Кировская область,13330.9,5834,58.6035,900,1353.0,ПФО
2010,Уральский федерал...,21832.0,62307,56.8389,1800,12087.0,УрФО
2010,Костромская область,13314.8,1941,57.7679,350,673.0,ЦФО
2010,Сибирский федерал...,15006.6,95234,55.0415,3300,19287.0,СФО
2010,Дальневосточный ф...,20807.2,23300,43.1155,9300,6320.0,ДВФО
2010,Самарская область,20223.1,13612,53.1959,1050,3221.0,ПФО
2010,Южный федеральный...,15113.9,70812,45.0355,1200,13854.0,ЮФО
2010,Курганская область,13498.9,2046,55.4412,1900,918.0,УрФО
2010,Северо-Кавказский...,13253.4,30679,43.02,1900,9353.0,СКФО
2010,Курская область,14685.1,5466,51.7373,500,1135.0,ЦФО
2010,Красноярский край,18261.6,14572,56.0153,4100,2833.0,СФО
2010,г.Санкт-Петербург,24824.3,42761,59.9343,635,4833.0,СЗФО
2010,Ленинградская обл...,14798.5,12122,59.9343,635,1705.0,СЗФО
2010,Липецкая область,15935.8,5217,52.6031,420,1177.0,ЦФО
2010,Магаданская область,27800.7,262,59.5681,5900,159.0,ДВФО
2010,г.Москва,44051.5,22825,55.7558,0,11382.0,ЦФО
2010,Московская область,22641.0,89283,55.7558,0,7024.0,ЦФО
2010,Мурманская область,24046.5,397,68.9792,1900,800.0,СЗФО
2010,Новгородская область,15598.9,3706,58.5214,530,640.0,СЗФО
2010,Приморский край,17297.9,6647,43.1155,9300,1965.0,ДВФО
2010,Новосибирская обл...,16276.0,19217,55.0415,3300,2662.0,СФО
2010,Омская область,15199.0,9598,54.9924,2700,1984.0,СФО
2010,Оренбургская область,13557.1,6210,51.7674,1400,2042.0,ПФО
2010,Орловская область,13114.6,3458,52.9668,360,793.0,ЦФО
2010,Пензенская область,12920.4,7331,53.1959,640,1392.0,ПФО
2010,Пермский край,19834.3,10231,58.0105,1400,2649.0,ПФО
2010,Псковская область,12797.6,2146,57.8169,690,682.0,СЗФО
2010,Ростовская область,14647.1,18508,47.2225,1100,4285.0,ЮФО
2010,Рязанская область,13886.3,6211,54.6292,200,1162.0,ЦФО
2010,Саратовская область,12146.6,12665,51.5331,840,2535.0,ПФО
2010,Сахалинская область,30727.0,2563,46.9641,6700,501.0,ДВФО
2010,Свердловская область,22193.8,21264,56.8389,1800,4308.0,УрФО
2010,Смоленская область,14546.0,4206,54.7818,370,993.0,ЦФО
2010,Тамбовская область,13630.8,5321,52.7236,480,1100.0,ЦФО
2010,Томская область,15070.5,6238,56.4846,3600,1040.0,СФО
2010,Ставропольский край,13016.1,13839,45.0428,1400,2777.0,ЮФО
2010,Тульская область,15349.5,4807,54.1931,180,1564.0,ЦФО
2010,Тюменская область,28756.7,26611,57.1522,2100,3379.0,УрФО
2010,Ханты-Мансийский ...,32385.0,8557,60.95,2300,1521.0,УрФО
2010,Ямало-Ненецкий ав...,43367.1,2337,66.53,2500,524.0,УрФО
2010,Ульяновская область,13132.4,4326,54.3142,890,1302.0,ПФО
2010,Челябинская область,16821.1,12385,55.1644,1900,3482.0,УрФО
2010,Забайкальский край,14204.5,4224,52.05,6000,1109.0,СФО
2010,Чукотский авт.округ,38146.8,8,64.7333,6000,51.0,ДВФО
2010,Ярославская область,14490.6,4266,57.6291,270,1280.0,ЦФО
2010,Республика Адыгея,12278.7,1608,44.6101,1500,440.0,ЮФО
2010,Хабаровский край,22478.9,4602,48.4808,6100,1349.0,ДВФО
2010,Республика Башкор...,17498.9,23045,54.7388,1300,4069.0,ПФО
2010,Республика Бурятия,14270.7,3922,51.8333,5200,970.0,СФО
2010,Республика Дагестан,15678.3,9095,42.9833,1600,2869.0,СКФО
2010,Кабардино-Балкарс...,11290.0,2489,43.4833,1700,859.0,СКФО
2010,Республика Алтай,13535.7,1065,51.9582,3600,205.0,СФО
2010,Республика Калмыкия,7774.0,1216,46.3078,1300,290.0,ЮФО
2010,Республика Карелия,16045.7,2129,61.785,1000,649.0,СЗФО
2010,Республика Коми,22260.3,1332,61.6667,1300,912.0,СЗФО
2010,Республика Марий Эл,10335.7,3184,56.63,800,699.0,ПФО
2010,Республика Мордовия,11294.2,3913,54.1833,600,839.0,ПФО
2010,Республика Северн...,13192.9,2450,43.02,1900,712.0,СКФО
2010,Карачаево-Черкесс...,10878.0,470,44.22,1400,474.0,СКФО
2010,Республика Татарстан,18424.0,25444,55.83,800,3784.0,ПФО
2010,Республика Тыва,10159.6,757,51.7,4200,307.0,СФО
2010,Удмуртская Респуб...,12983.6,6154,56.85,1100,1525.0,ПФО
2010,Республика Хакасия,12806.4,1744,53.7167,4000,533.0,СФО
2010,Чеченская Республика,11982.4,969,43.3167,1700,1250.0,СКФО
2010,Чувашская Республика,11065.8,8952,56.15,700,1256.0,ПФО
2010,Республика Саха (...,23088.1,4842,62.0281,5000,959.0,ДВФО
2010,Еврейская автоном...,15347.8,812,48.4667,6700,178.0,ДВФО
2011,Алтайский край,12499.9,8842,53.3548,3600,2417.0,СФО
2011,Амурская область,17789.7,3836,50.2907,6500,829.0,ДВФО
2011,Архангельская обл...,21454.8,4048,64.5393,1200,1225.0,СЗФО
2011,Ненецкий авт.округ,54632.3,488,67.6383,1500,42.0,СЗФО
2011,Астраханская область,16032.0,4077,46.3497,1400,1010.0,ЮФО
2011,Белгородская область,18799.7,10538,50.5978,700,1532.0,ЦФО
2011,Брянская область,15347.6,5647,53.2521,380,1275.0,ЦФО
2011,Владимирская область,14312.2,4980,56.1282,180,1441.0,ЦФО
2011,Волгоградская обл...,14519.4,6924,48.7078,970,2607.0,ЮФО
2011,Вологодская область,15637.9,7044,59.2239,450,1201.0,СЗФО
2011,Воронежская область,15908.5,12700,51.6608,520,2335.0,ЦФО
2011,Нижегородская обл...,18336.7,19884,56.3269,420,3308.0,ПФО
2011,Ивановская область,13005.5,2369,57.0003,300,1060.0,ЦФО
2011,Иркутская область,16017.2,11402,52.2864,5200,2428.0,СФО
2011,Республика Ингушетия,11562.2,681,43.1667,1700,415.0,СКФО
2011,Калининградская о...,16880.5,7294,54.7104,1100,942.0,СЗФО
2011,Тверская область,14943.4,4530,56.8587,180,1350.0,ЦФО
2011,Калужская область,17556.9,7532,54.5143,190,1009.0,ЦФО
2011,Центральный федер...,27089.0,213985,55.7558,0,38445.0,ЦФО
2011,Краснодарский край,18796.0,38935,45.0355,1200,5230.0,ЮФО
2011,Камчатский край,28964.9,1196,53.0444,6770,322.0,ДВФО
2011,Северо-Западный ф...,21184.5,89430,59.9343,635,13626.0,СЗФО
2011,Кемеровская область,16666.0,14986,55.3333,3600,2761.0,СФО
2011,Приволжский федер...,17282.2,168497,55.83,800,29880.0,ПФО
2011,Кировская область,14675.0,6973,58.6035,900,1339.0,ПФО
2011,Уральский федерал...,23907.7,74283,56.8389,1800,12087.0,УрФО
2011,Костромская область,14574.3,1968,57.7679,350,666.0,ЦФО
2011,Сибирский федерал...,16567.9,105420,55.0415,3300,19252.0,СФО
2011,Дальневосточный ф...,22870.0,27430,43.1155,9300,6285.0,ДВФО
2011,Самарская область,21756.1,17115,53.1959,1050,3215.0,ПФО
2011,Южный федеральный...,16584.0,73217,45.0355,1200,13851.0,ЮФО
2011,Курганская область,14353.0,2407,55.4412,1900,909.0,УрФО
2011,Северо-Кавказский...,15050.0,32796,43.02,1900,9439.0,СКФО
2011,Курская область,16386.9,6280,51.7373,500,1126.0,ЦФО
2011,Красноярский край,20145.5,15108,56.0153,4100,2829.0,СФО
2011,г.Санкт-Петербург,26068.8,45058,59.9343,635,4899.0,СЗФО
2011,Ленинградская обл...,15931.8,14813,59.9343,635,1719.0,СЗФО
2011,Липецкая область,16811.3,5854,52.6031,420,1172.0,ЦФО
2011,Магаданская область,30452.1,258,59.5681,5900,156.0,ДВФО
2011,г.Москва,47318.9,23587,55.7558,0,11541.0,ЦФО
2011,Московская область,25604.5,97348,55.7558,0,7106.0,ЦФО
2011,Мурманская область,25303.5,263,68.9792,1900,794.0,СЗФО
2011,Новгородская область,16980.9,3720,58.5214,530,633.0,СЗФО
2011,Приморский край,19159.7,7778,43.1155,9300,1953.0,ДВФО
2011,Новосибирская обл...,18244.1,24015,55.0415,3300,2666.0,СФО
2011,Омская область,17247.9,10706,54.9924,2700,1977.0,СФО
2011,Оренбургская область,14892.0,7774,51.7674,1400,2032.0,ПФО
2011,Орловская область,14824.3,4673,52.9668,360,786.0,ЦФО
2011,Пензенская область,14171.5,9220,53.1959,640,1384.0,ПФО
2011,Пермский край,21307.3,10077,58.0105,1400,2634.0,ПФО
2011,Псковская область,14185.3,2649,57.8169,690,671.0,СЗФО
2011,Ростовская область,16010.3,20636,47.2225,1100,4275.0,ЮФО
2011,Рязанская область,14788.0,6462,54.6292,200,1152.0,ЦФО
2011,Саратовская область,13097.3,13293,51.5331,840,2519.0,ПФО
2011,Сахалинская область,32268.2,3235,46.9641,6700,497.0,ДВФО
2011,Свердловская область,24892.6,22584,56.8389,1800,4297.0,УрФО
2011,Смоленская область,15969.1,4346,54.7818,370,983.0,ЦФО
2011,Тамбовская область,15150.6,5859,52.7236,480,1090.0,ЦФО
2011,Томская область,16516.0,7471,56.4846,3600,1049.0,СФО
2011,Ставропольский край,14439.9,16285,45.0428,1400,2786.0,ЮФО
2011,Тульская область,16975.0,2357,54.1931,180,1550.0,ЦФО
2011,Тюменская область,30705.8,31620,57.1522,2100,3405.0,УрФО
2011,Ханты-Мансийский ...,33926.0,11854,60.95,2300,1537.0,УрФО
2011,Ямало-Ненецкий ав...,46784.5,2900,66.53,2500,525.0,УрФО
2011,Ульяновская область,14312.1,5822,54.3142,890,1290.0,ПФО
2011,Челябинская область,18459.9,17671,55.1644,1900,3476.0,УрФО
2011,Забайкальский край,15968.8,4294,52.05,6000,1106.0,СФО
2011,Чукотский авт.округ,43049.4,44,64.7333,6000,51.0,ДВФО
2011,Ярославская область,15508.9,6955,57.6291,270,1271.0,ЦФО
2011,Республика Адыгея,14271.6,1398,44.6101,1500,440.0,ЮФО
2011,Хабаровский край,23766.2,5625,48.4808,6100,1343.0,ДВФО
2011,Республика Башкор...,19029.8,23684,54.7388,1300,4072.0,ПФО
2011,Республика Бурятия,15715.5,4718,51.8333,5200,972.0,СФО
2011,Республика Дагестан,18278.1,10413,42.9833,1600,2914.0,СКФО
2011,Кабардино-Балкарс...,12636.2,1872,43.4833,1700,860.0,СКФО
2011,Республика Алтай,13836.9,1197,51.9582,3600,207.0,СФО
2011,Республика Калмыкия,8829.4,1247,46.3078,1300,289.0,ЮФО
2011,Республика Карелия,17542.7,2502,61.785,1000,643.0,СЗФО
2011,Республика Коми,23924.9,2038,61.6667,1300,899.0,СЗФО
2011,Республика Марий Эл,11328.4,3692,56.63,800,695.0,ПФО
2011,Республика Мордовия,11948.0,5039,54.1833,600,834.0,ПФО
2011,Республика Северн...,13757.0,2104,43.02,1900,712.0,СКФО
2011,Карачаево-Черкесс...,11741.6,505,44.22,1400,477.0,СКФО
2011,Республика Татарстан,20222.6,30479,55.83,800,3787.0,ПФО
2011,Республика Тыва,10962.8,744,51.7,4200,308.0,СФО
2011,Удмуртская Респуб...,14452.3,6845,56.85,1100,1520.0,ПФО
2011,Республика Хакасия,14222.8,1937,53.7167,4000,532.0,СФО
2011,Чеченская Республика,14026.5,937,43.3167,1700,1275.0,СКФО
2011,Чувашская Республика,12083.0,8599,56.15,700,1251.0,ПФО
2011,Республика Саха (...,25616.9,4659,62.0281,5000,958.0,ДВФО
2011,Еврейская автоном...,16525.3,799,48.4667,6700,176.0,ДВФО
2012,Алтайский край,13628.9,8472,53.3548,3600,2407.0,СФО
2012,Амурская область,21469.3,5629,50.2907,6500,821.0,ДВФО
2012,Архангельская обл...,23635.8,4365,64.5393,1200,1213.0,СЗФО
2012,Ненецкий авт.округ,61936.9,485,67.6383,1500,42.0,СЗФО
2012,Астраханская область,17773.4,3733,46.3497,1400,1015.0,ЮФО
2012,Белгородская область,21562.9,11104,50.5978,700,1536.0,ЦФО
2012,Брянская область,17421.6,6084,53.2521,380,1264.0,ЦФО
2012,Владимирская область,16136.0,5626,56.1282,180,1432.0,ЦФО
2012,Волгоградская обл...,16066.4,10160,48.7078,970,2595.0,ЮФО
2012,Вологодская область,18125.2,6027,59.2239,450,1198.0,СЗФО
2012,Воронежская область,18885.1,15581,51.6608,520,2332.0,ЦФО
2012,Нижегородская обл...,21517.6,20273,56.3269,420,3297.0,ПФО
2012,Ивановская область,15930.1,2414,57.0003,300,1054.0,ЦФО
2012,Иркутская область,17720.3,13233,52.2864,5200,2424.0,СФО
2012,Республика Ингушетия,12375.5,717,43.1667,1700,430.0,СКФО
2012,Калининградская о...,19371.3,8235,54.7104,1100,947.0,СЗФО
2012,Тверская область,17247.3,4782,56.8587,180,1342.0,ЦФО
2012,Калужская область,20621.2,7827,54.5143,190,1008.0,ЦФО
2012,Центральный федер...,29721.0,221774,55.7558,0,38538.0,ЦФО
2012,Краснодарский край,21077.2,48833,45.0355,1200,5284.0,ЮФО
2012,Камчатский край,31481.6,1010,53.0444,6770,320.0,ДВФО
2012,Северо-Западный ф...,23403.1,87285,59.9343,635,13660.0,СЗФО
2012,Кемеровская область,18385.5,15059,55.3333,3600,2751.0,СФО
2012,Приволжский федер...,19596.8,176069,55.83,800,29811.0,ПФО
2012,Кировская область,16529.9,6915,58.6035,900,1328.0,ПФО
2012,Уральский федерал...,26174.8,90717,56.8389,1800,12143.0,УрФО
2012,Костромская область,15808.2,2693,57.7679,350,662.0,ЦФО
2012,Сибирский федерал...,18322.1,109979,55.0415,3300,19261.0,СФО
2012,Дальневосточный ф...,25325.9,28717,43.1155,9300,6266.0,ДВФО
2012,Самарская область,24683.0,19968,53.1959,1050,3214.0,ПФО
2012,Южный федеральный...,18602.9,87651,45.0355,1200,13884.0,ЮФО
2012,Курганская область,16019.5,3251,55.4412,1900,896.0,УрФО
2012,Северо-Кавказский...,17076.2,35306,43.02,1900,9493.0,СКФО
2012,Курская область,18807.8,6359,51.7373,500,1122.0,ЦФО
2012,Красноярский край,22137.6,16095,56.0153,4100,2838.0,СФО
2012,г.Санкт-Петербург,27794.6,41758,59.9343,635,4953.0,СЗФО
2012,Ленинградская обл...,17925.0,14824,59.9343,635,1734.0,СЗФО
2012,Липецкая область,19777.4,5377,52.6031,420,1166.0,ЦФО
2012,Магаданская область,36575.6,384,59.5681,5900,155.0,ДВФО
2012,г.Москва,48621.6,42551,55.7558,0,11613.0,ЦФО
2012,Московская область,29699.1,81075,55.7558,0,7199.0,ЦФО
2012,Мурманская область,28604.2,436,68.9792,1900,788.0,СЗФО
2012,Новгородская область,19649.2,4358,58.5214,530,630.0,СЗФО
2012,Приморский край,21299.7,7808,43.1155,9300,1951.0,ДВФО
2012,Новосибирская обл...,20637.1,25083,55.0415,3300,2687.0,СФО
2012,Омская область,19468.8,10168,54.9924,2700,1975.0,СФО
2012,Оренбургская область,16539.1,7814,51.7674,1400,2024.0,ПФО
2012,Орловская область,16762.2,4633,52.9668,360,781.0,ЦФО
2012,Пензенская область,15765.3,10314,53.1959,640,1377.0,ПФО
2012,Пермский край,23269.6,11704,58.0105,1400,2631.0,ПФО
2012,Псковская область,16412.1,3116,57.8169,690,667.0,СЗФО
2012,Ростовская область,17987.3,22634,47.2225,1100,4260.0,ЮФО
2012,Рязанская область,17664.4,7400,54.6292,200,1148.0,ЦФО
2012,Саратовская область,14243.3,11386,51.5331,840,2509.0,ПФО
2012,Сахалинская область,33459.5,2692,46.9641,6700,495.0,ДВФО
2012,Свердловская область,27709.2,24177,56.8389,1800,4307.0,УрФО
2012,Смоленская область,18250.4,2985,54.7818,370,981.0,ЦФО
2012,Тамбовская область,17469.8,5204,52.7236,480,1082.0,ЦФО
2012,Томская область,17875.6,7809,56.4846,3600,1058.0,СФО
2012,Ставропольский край,16877.2,16740,45.0428,1400,2787.0,ЮФО
2012,Тульская область,19291.1,2907,54.1931,180,1545.0,ЦФО
2012,Тюменская область,33280.7,39013,57.1522,2100,3460.0,УрФО
2012,Ханты-Мансийский ...,36088.1,15675,60.95,2300,1561.0,УрФО
2012,Ямало-Ненецкий ав...,52342.3,3583,66.53,2500,537.0,УрФО
2012,Ульяновская область,16350.6,6427,54.3142,890,1282.0,ПФО
2012,Челябинская область,19762.5,24276,55.1644,1900,3480.0,УрФО
2012,Забайкальский край,17335.6,4508,52.05,6000,1100.0,СФО
2012,Чукотский авт.округ,47856.7,26,64.7333,6000,51.0,ДВФО
2012,Ярославская область,18512.5,7171,57.6291,270,1271.0,ЦФО
2012,Республика Адыгея,17025.3,1298,44.6101,1500,443.0,ЮФО
2012,Хабаровский край,25649.3,4756,48.4808,6100,1342.0,ДВФО
2012,Республика Башкор...,21258.8,27085,54.7388,1300,4064.0,ПФО
2012,Республика Бурятия,17119.0,5429,51.8333,5200,971.0,СФО
2012,Республика Дагестан,20647.9,10684,42.9833,1600,2931.0,СКФО
2012,Кабардино-Балкарс...,13681.1,2010,43.4833,1700,859.0,СКФО
2012,Республика Алтай,14277.7,1266,51.9582,3600,209.0,СФО
2012,Республика Калмыкия,10183.8,993,46.3078,1300,287.0,ЮФО
2012,Республика Карелия,20037.4,2773,61.785,1000,640.0,СЗФО
2012,Республика Коми,26787.3,1392,61.6667,1300,890.0,СЗФО
2012,Республика Марий Эл,12537.9,4290,56.63,800,692.0,ПФО
2012,Республика Мордовия,13062.7,3949,54.1833,600,825.0,ПФО
2012,Республика Северн...,16184.7,1537,43.02,1900,709.0,СКФО
2012,Карачаево-Черкесс...,13353.9,645,44.22,1400,475.0,СКФО
2012,Республика Татарстан,24009.8,29538,55.83,800,3803.0,ПФО
2012,Республика Тыва,11932.6,702,51.7,4200,309.0,СФО
2012,Удмуртская Респуб...,16411.0,7338,56.85,1100,1518.0,ПФО
2012,Республика Хакасия,15991.4,2154,53.7167,4000,532.0,СФО
2012,Чеченская Республика,15256.9,2973,43.3167,1700,1302.0,СКФО
2012,Чувашская Республика,13754.9,9068,56.15,700,1247.0,ПФО
2012,Республика Саха (...,28457.3,5520,62.0281,5000,956.0,ДВФО
2012,Еврейская автоном...,18151.4,891,48.4667,6700,175.0,ДВФО
